Long Name,IB Symbol,Exchange Symbol,Currency,Contract ID,Exchange,Type
20 MICRONS LTD,20MICRONS,20MICRONS,INR,121502066,NSE,STK
3I INFOTECH LTD,3IINFOTEC,3IINFOTECH,INR,56572886,NSE,STK
3M INDIA LTD,3MINDIA,3MINDIA,INR,56987997,NSE,STK
8K MILES SOFTWARE SERVICES L,8KMILES,8KMILES,INR,143283318,NSE,STK
A2Z MAINTENANCE AND ENGINEERING SERVICES LTD,A2ZINFRA,A2ZINFRA,INR,82363906,NSE,STK
AARTI DRUGS LTD,AARTIDRUG,AARTIDRUGS,INR,56988360,NSE,STK
AARTI INDUSTRIES,AARTIIND,AARTIIND,INR,56988365,NSE,STK
AARVEE DENIMS & EXPORTS LTD,AARVEEDEN,AARVEEDEN,INR,56988371,NSE,STK
ABAN OFFSHORE LTD,ABAN,ABAN,INR,56572872,NSE,STK
ABB LTD/INDIA,ABB,ABB,INR,51642767,NSE,STK
ABBOTT INDIA LTD,ABBOTINDI,ABBOTINDIA,INR,64682792,NSE,STK
ABG SHIPYARD LTD,ABGSHIP,ABGSHIP,INR,56572889,NSE,STK
ABHISHEK CORP LTD,ABHISHEK,ABHISHEK,INR,56573159,NSE,STK
ABHISHEK INDUSTRIES LTD,TRIDENT,TRIDENT,INR,75733107,NSE,STK
ACC LTD,ACC,ACC,INR,44652144,NSE,STK
ACCEL FRONTLINE LTD,AFL,AFL,INR,56986795,NSE,STK
ACKRUTI CITY LTD,HUBTOWN,HUBTOWN,INR,56988215,NSE,STK
ACROPETAL TECHNOLOGIES LTD,ACROPETAL,ACROPETAL,INR,85033332,NSE,STK
ACROTECH LTD,ARCOTECH,ARCOTECH,INR,148713054,NSE,STK
ACTION CONSTRUCTION EQUIPMENT LTD,ACE,ACE,INR,56986788,NSE,STK
ADANI ENTERPRISES LTD,ADANIENT,ADANIENT,INR,56986798,NSE,STK
ADANI PORTS AND SPECIAL ECONOMIC ZONE,ADANIPORT,ADANIPORTS,INR,79403918,NSE,STK
ADANI POWER LTD,ADANIPOWE,ADANIPOWER,INR,70299711,NSE,STK
ADF FOODS LTD,ADFFOODS,ADFFOODS,INR,64682013,NSE,STK
ADHUNIK METALIKS LTD,ADHUNIK,ADHUNIK,INR,56988140,NSE,STK
ADITYA BIRLA CHEMICALS INDIA LTD,ABCIL,ABCIL,INR,56987951,NSE,STK
ADITYA BIRLA MONEY LTD,BIRLAMONE,BIRLAMONEY,INR,56988380,NSE,STK
ADITYA BIRLA NUVO LTD,ABIRLANUV,ABIRLANUVO,INR,56572892,NSE,STK
ADLABS ENTERTAINMENT LTD,ADLABS,ADLABS,INR,189328579,NSE,STK
ADOR WELDING LTD,ADORWELD,ADORWELD,INR,56988467,NSE,STK
ADVANCE METERING TECHNOLOGY LTD,AMTL,AMTL,INR,111739948,NSE,STK
ADVANI HOTELS & RESORTS INDIA LTD,ADVANIHOT,ADVANIHOTR,INR,56984854,NSE,STK
ADVANTA INDIA LTD,ADVANTA,ADVANTA,INR,130658044,NSE,STK
AEGIS LOGISTICS LTD,AEGISCHEM,AEGISCHEM,INR,56988174,NSE,STK
AGARWAL INDUSTRIAL CORP LTD,AGARIND,AGARIND,INR,64681930,NSE,STK
AGC NETWORKS LTD,AGCNET,AGCNET,INR,56988161,NSE,STK
AGRE DEVELOPERS LTD,FMNL,FMNL,INR,82481821,NSE,STK
AGRI-TECH INDIA LIMITED,AGRITECH,AGRITECH,INR,143212271,NSE,STK
AGRO DUTCH INDUSTRIES LTD,AGRODUTCH,AGRODUTCH,INR,56986800,NSE,STK
AGRO TECH FOODS LTD,ATFL,ATFL,INR,56988431,NSE,STK
AHLUWALIA CONTRACTS LTD,AHLUCONT,AHLUCONT,INR,64682546,NSE,STK
AHMEDNAGAR FORGINGS LTD,METALFORG,METALFORGE,INR,56988198,NSE,STK
AI CHAMPDANY INDUSTRIES LTD,AICHAMP,AICHAMP,INR,56988204,NSE,STK
AIA ENGINEERING LTD,AIAENG,AIAENG,INR,56572901,NSE,STK
AJANTA PHARMA LTD,AJP,AJANTPHARM,INR,187395649,NSE,STK
AJMERA REALTY & INFRA INDIA LTD,AJMERA,AJMERA,INR,60866401,NSE,STK
AKSH OPTIFIBRE LTD,AKSHOPTFB,AKSHOPTFBR,INR,56988216,NSE,STK
ALANKIT LTD,ALANKIT,ALANKIT,INR,198736526,NSE,STK
ALCHEMIST LTD,ALCHEM,ALCHEM,INR,56573616,NSE,STK
ALEMBIC LTD,ALEMBICLT,ALEMBICLTD,INR,56988224,NSE,STK
ALEMBIC PHARMACEUTICALS LTD,APLLTD,APLLTD,INR,94887493,NSE,STK
ALKALI METALS LTD,ALKALI,ALKALI,INR,56988241,NSE,STK
ALKYL AMINES CHEMICALS,ALKYLAMIN,ALKYLAMINE,INR,166167100,NSE,STK
ALLAHABAD BANK,ALBK,ALBK,INR,56988229,NSE,STK
ALLCARGO LOGISTICS LTD,ALLCARGO,ALLCARGO,INR,70326357,NSE,STK
ALLIED DIGITAL SERVICES LTD,ADSL,ADSL,INR,70209196,NSE,STK
ALLSEC TECHNOLOGIES LTD,ALLSEC,ALLSEC,INR,56988244,NSE,STK
ALMONDZ GLOBAL SECURITIES LTD,ALMONDZ,ALMONDZ,INR,56988181,NSE,STK
ALOK INDUSTRIES LTD,ALOKTEXT,ALOKTEXT,INR,56988251,NSE,STK
ALPA LABORATORIES LTD,ALPA,ALPA,INR,56988254,NSE,STK
ALPHAGEO INDIA LTD,ALPHAGEO,ALPHAGEO,INR,56988306,NSE,STK
ALPS INDUSTRIES LTD,ALPSINDUS,ALPSINDUS,INR,56988258,NSE,STK
ALSTOM PROJECTS INDIA LTD,AIL,AIL,INR,56572883,NSE,STK
AMARA RAJA BATTERIES LTD,AMARAJABA,AMARAJABAT,INR,113744943,NSE,STK
AMBIKA COTTON MILLS LTD,AMBIKCO,AMBIKCO,INR,56988137,NSE,STK
AMBUJA CEMENTS LTD,AMBUJACEM,AMBUJACEM,INR,44652129,NSE,STK
AMD INDUSTRIES LTD,AMDIND,AMDIND,INR,56988275,NSE,STK
AMIT SPINNING INDUSTRIES LTD,ASIL,ASIL,INR,78040814,NSE,STK
AMRUTANJAN HEALTH CARE LTD,AMRUTANJA,AMRUTANJAN,INR,116335266,NSE,STK
AMTEK AUTO LTD,AMTEKAUTO,AMTEKAUTO,INR,56988284,NSE,STK
AMTEK INDIA LTD,CASTEXTEC,CASTEXTECH,INR,56988281,NSE,STK
ANANT RAJ INDUSTRIES LTD,ANANTRAJ,ANANTRAJ,INR,56988346,NSE,STK
ANDHRA BANK,ANDHRABAN,ANDHRABANK,INR,56988291,NSE,STK
ANDHRA CEMENT CO LTD,ANDHRACEM,ANDHRACEMT,INR,64682030,NSE,STK
ANDHRA PRADESH PAPER MILLS,IPAPPM,IPAPPM,INR,56988324,NSE,STK
ANDHRA SUGARS LTD,ANDHRSUGA,ANDHRSUGAR,INR,56988389,NSE,STK
ANG INDUSTRIES LTD,ANGIND,ANGIND,INR,56988294,NSE,STK
ANIK INDUSTRIES LTD,ANIKINDS,ANIKINDS,INR,56988297,NSE,STK
ANKIT METAL & POWER LTD,ANKITMETA,ANKITMETAL,INR,64682560,NSE,STK
ANSAL HOUSING & CONSTRUCT,ANSALHSG,ANSALHSG,INR,56988195,NSE,STK
ANSAL PROPERTIES & INFRASTRUCTURE LTD,ANSALAPI,ANSALAPI,INR,56988312,NSE,STK
ANTARCTICA LTD,ANTGRAPHI,ANTGRAPHIC,INR,56988443,NSE,STK
APAR INDUSTRIES LTD,APARINDS,APARINDS,INR,56988331,NSE,STK
APCOTEX INDUSTRIES LTD,APCOTEXIN,APCOTEXIND,INR,132773222,NSE,STK
APL APOLLO TUBES LTD,APLAPOLLO,APLAPOLLO,INR,64683033,NSE,STK
APOLLO HOSPITALS ENTERPRISE LTD,APOLLOHOS,APOLLOHOSP,INR,78607402,NSE,STK
APOLLO TYRES LTD,APOLLOTYR,APOLLOTYRE,INR,56988336,NSE,STK
APTECH LTD,APTECHT,APTECHT,INR,56988334,NSE,STK
ARCHIDPLY INDUSTRIES LTD,ARCHIDPLY,ARCHIDPLY,INR,56988317,NSE,STK
ARCHIES LTD,ARCHIES,ARCHIES,INR,80575144,NSE,STK
AREVA T&D INDIA LTD,ALSTOMTD,ALSTOMT&D,INR,56988426,NSE,STK
ARIES AGRO LTD,ARIES,ARIES,INR,56988354,NSE,STK
ARIHANT FOUNDATIONS & HOUSING LTD,ARIHANT,ARIHANT,INR,56988152,NSE,STK
ARO GRANITE INDUSTRIES LTD,AROGRANIT,AROGRANITE,INR,56988171,NSE,STK
ARROW COATED PRODUCTS LTD,ARROWCOAT,ARROWCOAT,INR,64682248,NSE,STK
ARROW TEXTILES LTD,ARROWTEX,ARROWTEX,INR,75733226,NSE,STK
ARSHIYA INTERNATIONAL LTD,ARSHIYA,ARSHIYA,INR,64682230,NSE,STK
ARSS INFRASTRUCTURE PROJECTS LTD,ARSSINFRA,ARSSINFRA,INR,73164375,NSE,STK
ARVIND LTD,ARVIND,ARVIND,INR,56988374,NSE,STK
ARVIND REMEDIES LTD,ARVINDREM,ARVINDREM,INR,108538689,NSE,STK
ASAHI INDIA GLASS LTD,ASAHIINDI,ASAHIINDIA,INR,75733129,NSE,STK
ASAHI SONGWON COLORS LTD,ASAHISONG,ASAHISONG,INR,64682565,NSE,STK
ASHAPURA MINECHEM LTD,ASHAPURMI,ASHAPURMIN,INR,56988404,NSE,STK
ASHIANA HOUSING LTD,ASHIANA,ASHIANA,INR,137124695,NSE,STK
ASHIMA LTD,ASHIMASYN,ASHIMASYN,INR,56988394,NSE,STK
ASHOK LEYLAND LTD,ASHOKLEY,ASHOKLEY,INR,56988221,NSE,STK
ASHOKA BUILDCON LTD,ASHOKA,ASHOKA,INR,130658038,NSE,STK
ASIAN GRANITO INDIA LTD,ASIANTILE,ASIANTILES,INR,56988401,NSE,STK
ASIAN HOTELS EAST LTD,AHLEAST,AHLEAST,INR,77850965,NSE,STK
ASIAN HOTELS NORTH LTD,ASIANHOTN,ASIANHOTNR,INR,74027897,NSE,STK
ASIAN HOTELS WEST LTD,AHLWEST,AHLWEST,INR,77762198,NSE,STK
ASIAN PAINTS LTD,ASIANPAIN,ASIANPAINT,INR,132214022,NSE,STK
ASSAM CO INDIA LTD,ASSAMCO,ASSAMCO,INR,56988377,NSE,STK
ASTEC LIFESCIENCES LTD,ASTEC,ASTEC,INR,70979424,NSE,STK
ASTER SILICATES LTD,SHRIASTER,SHRIASTER,INR,77576805,NSE,STK
ASTRA MICROWAVE PRODUCTS LTD,ASTRAMICR,ASTRAMICRO,INR,56988411,NSE,STK
ASTRAL POLYTECHNIK LTD,ASTRAL,ASTRAL,INR,166947150,NSE,STK
ASTRAZENECA PHARMA INDIA LTD,ASTRAZEN,ASTRAZEN,INR,56988414,NSE,STK
ATLANTA LTD/INDIA,ATLANTA,ATLANTA,INR,80647272,NSE,STK
ATLAS CYCLES HARYANA LTD,ATLASCYCL,ATLASCYCLE,INR,56988421,NSE,STK
ATN INTERNATIONAL LTD,ATNINTER,ATNINTER,INR,56988186,NSE,STK
ATUL AUTO LTD,ATULAUTO,ATULAUTO,INR,166349311,NSE,STK
ATUL LTD,ATUL,ATUL,INR,56988433,NSE,STK
AURIONPRO SOLUTIONS LTD,AURIONPRO,AURIONPRO,INR,75733323,NSE,STK
AUROBINDO PHARMA LTD,AUROPHARM,AUROPHARMA,INR,83937139,NSE,STK
AUSOM ENTERPRISE LTD,AUSOMENT,AUSOMENT,INR,56985299,NSE,STK
AUTOLINE INDUSTRIES LTD,AUTOIND,AUTOIND,INR,56988456,NSE,STK
AUTOLITE INDIA LTD,AUTOLITIN,AUTOLITIND,INR,56988436,NSE,STK
AUTOMOTIVE AXLES LTD,AUTOAXLES,AUTOAXLES,INR,56988450,NSE,STK
AUTOMOTIVE STAMPINGS & ASSEMBLIES LTD,ASAL,ASAL,INR,56988446,NSE,STK
AVANTI FEEDS LTD,AVANTIFEE,AVANTIFEED,INR,62062916,NSE,STK
AVENTIS PHARMA LTD/INDIA,SANOFI,SANOFI,INR,56983919,NSE,STK
AVT NATURAL PRODUCTS LTD,AVTNPL,AVTNPL,INR,108449226,NSE,STK
AXIS BANK LTD,AXISBANK,AXISBANK,INR,162089869,NSE,STK
AXIS GOLD ETF,AXISGOLD,AXISGOLD,INR,80961427,NSE,STK
AXIS IT&T LTD,AXISCADES,AXISCADES,INR,56988470,NSE,STK
BAFNA PHARMACEUTICALS LTD,BAFNAPHAR,BAFNAPHARM,INR,64683040,NSE,STK
BAG FILMS & MEDIA LTD,BAGFILMS,BAGFILMS,INR,56987840,NSE,STK
BAJAJ AUTO FINANCE LTD,BAJFINANC,BAJFINANCE,INR,56987837,NSE,STK
BAJAJ AUTO LTD,BAJAJ-AUT,BAJAJ-AUTO,INR,56987980,NSE,STK
BAJAJ CORP LTD,BAJAJCORP,BAJAJCORP,INR,87760451,NSE,STK
BAJAJ ELECTRICALS LTD,BAJAJELEC,BAJAJELEC,INR,72175378,NSE,STK
BAJAJ FINSERV LTD,BAJAJFINS,BAJAJFINSV,INR,56987991,NSE,STK
BAJAJ HINDUSTHAN LTD,BAJAJHIND,BAJAJHIND,INR,56987992,NSE,STK
BAJAJ HOLDINGS AND INVESTMENT LTD,BAJAJHLDN,BAJAJHLDNG,INR,44652102,NSE,STK
BAL PHARMA LTD,BALPHARMA,BALPHARMA,INR,56988026,NSE,STK
BALAJI AMINES LTD,BALAMINES,BALAMINES,INR,80959440,NSE,STK
BALAJI TELEFILMS LTD,BALAJITEL,BALAJITELE,INR,56988021,NSE,STK
BALKRISHNA INDUSTRIES LTD,BALKRISIN,BALKRISIND,INR,81899870,NSE,STK
BALLARPUR INDUSTRIES LTD,BALLARPUR,BALLARPUR,INR,56987966,NSE,STK
BALMER LAWRIE & CO LTD,BALMLAWRI,BALMLAWRIE,INR,56988016,NSE,STK
BALRAMPUR CHINI MILLS LTD,BALRAMCHI,BALRAMCHIN,INR,56988077,NSE,STK
BANARAS BEADS LTD,BANARBEAD,BANARBEADS,INR,128471880,NSE,STK
BANCO PRODUCTS INDIA LTD,BANCOINDI,BANCOINDIA,INR,56988042,NSE,STK
BANG OVERSEAS LTD,BANG,BANG,INR,56987850,NSE,STK
BANK OF BARODA,BANKBAROD,BANKBARODA,INR,180222138,NSE,STK
BANK OF INDIA,BANKINDIA,BANKINDIA,INR,56988052,NSE,STK
BANK OF MAHARASHTRA,MAHABANK,MAHABANK,INR,56988059,NSE,STK
BANNARI AMMAN SPINNING MILLS LTD,BASML,BASML,INR,56987857,NSE,STK
BANNARI AMMAN SUGARS LTD,BANARISUG,BANARISUG,INR,56988047,NSE,STK
BANSWARA SYNTEX LTD,BANSWRAS,BANSWRAS,INR,56988122,NSE,STK
BARAK VALLEY CEMENTS LTD,BVCL,BVCL,INR,56988112,NSE,STK
BARTRONICS INDIA LTD,BARTRONIC,BARTRONICS,INR,56987845,NSE,STK
BASF INDIA LTD,BASF,BASF,INR,56987855,NSE,STK
BATA INDIA LTD,BATAINDIA,BATAINDIA,INR,56987860,NSE,STK
BAYER CROPSCIENCE LTD/INDIA,BAYERCROP,BAYERCROP,INR,64682707,NSE,STK
BEARDSELL LTD,BEARDSELL,BEARDSELL,INR,76142607,NSE,STK
BEDMUTHA INDUSTRIES LTD,BEDMUTHA,BEDMUTHA,INR,79917388,NSE,STK
BEML LTD,BEML,BEML,INR,56987900,NSE,STK
BERGER PAINTS INDIA LTD,BRGR,BERGEPAINT,INR,179252695,NSE,STK
BF INVESTMENT LTD,BFINVEST,BFINVEST,INR,82847286,NSE,STK
BF UTILITIES LTD,BFUTILITI,BFUTILITIE,INR,56987912,NSE,STK
BGR ENERGY SYSTEMS LTD,BGRENERGY,BGRENERGY,INR,56987923,NSE,STK
BHAGWATI BANQUETS & HOTELS LTD,TGBHOTELS,TGBHOTELS,INR,56987870,NSE,STK
BHAGYANAGAR INDIA LTD,BHAGYNAGA,BHAGYNAGAR,INR,56987932,NSE,STK
BHALCHANDRAM CLOTHING LTD,BHALCHAND,BHALCHANDR,INR,199284690,NSE,STK
BHANSALI ENGINEERING POLYMERS LTD,BEPL,BEPL,INR,56987911,NSE,STK
BHARAT BIJLEE LTD,BBL,BBL,INR,56987953,NSE,STK
BHARAT ELECTRONICS LTD,BEL,BEL,INR,56987926,NSE,STK
BHARAT FORGE LTD,BHARATFOR,BHARATFORG,INR,56987929,NSE,STK
BHARAT GEARS LTD,BHARATGEA,BHARATGEAR,INR,56987917,NSE,STK
BHARAT HEAVY ELECTRICALS LTD,BHEL,BHEL,INR,95441327,NSE,STK
BHARAT PETROLEUM CORP LTD,BPCL,BPCL,INR,44652160,NSE,STK
BHARAT RASAYAN LTD,BHARATRAS,BHARATRAS,INR,56988100,NSE,STK
BHARATIYA GLOBAL INFOMEDIA LTD,BGLOBAL,BGLOBAL,INR,91861621,NSE,STK
BHARTI AIRTEL LTD,BHARTIART,BHARTIARTL,INR,64769335,NSE,STK
BHARTI INFRATEL LTD,INFRATEL,INFRATEL,INR,119707173,NSE,STK
BHARTIYA INTERNATIONAL LTD,BIL,BIL,INR,56987941,NSE,STK
BHUSHAN STEEL LTD,BHUSANSTL,BHUSANSTL,INR,79346231,NSE,STK
BIL ENERGY SYSTEMS LTD,BILENERGY,BILENERGY,INR,124912356,NSE,STK
BILPOWER LTD,BILPOWER,BILPOWER,INR,56987963,NSE,STK
BINANI INDUSTRIES LTD,BINANIIND,BINANIIND,INR,56988131,NSE,STK
BIOCON LTD,BIOCON,BIOCON,INR,56987974,NSE,STK
BIRLA CORP LTD,BIRLACORP,BIRLACORPN,INR,56987880,NSE,STK
BIRLA COTSYN INDIA LTD,BIRLACOT,BIRLACOT,INR,69860017,NSE,STK
BIRLA ERICSSON OPTICALS LTD,BIRLAERIC,BIRLAERIC,INR,56987906,NSE,STK
BIRLA SUN LIFE GOLD ETF,BSLGOLDET,BSLGOLDETF,INR,89034185,NSE,STK
BIRLA SUN LIFE NIFTY ETF,BSLNIFTY,BSLNIFTY,INR,91861626,NSE,STK
BL KASHYAP & SONS LTD,BLKASHYAP,BLKASHYAP,INR,79508953,NSE,STK
BLB LTD,BLBLIMITE,BLBLIMITED,INR,56988011,NSE,STK
BLISS GVS PHARMA LTD,BLISSGVS,BLISSGVS,INR,64682779,NSE,STK
BLUE CHIP INDIA LTD,BLUECHIP,BLUECHIP,INR,56988014,NSE,STK
BLUE COAST HOTELS LTD,BLUECOAST,BLUECOAST,INR,56987367,NSE,STK
BLUE DART EXPRESS LTD,BLUEDART,BLUEDART,INR,56987894,NSE,STK
BLUE STAR INFOTECH LTD,BLUESTINF,BLUESTINFO,INR,56988032,NSE,STK
BLUE STAR LTD,BLUESTARC,BLUESTARCO,INR,56988037,NSE,STK
BOC INDIA LTD,LINDEINDI,LINDEINDIA,INR,56985750,NSE,STK
BODAL CHEMICALS LTD,BODALCHEM,BODALCHEM,INR,76123545,NSE,STK
BOMBAY BURMAH TRADING CO,BBTC,BBTC,INR,116743273,NSE,STK
BOMBAY DYEING & MANUFACTURING CO LTD,BOMDYEING,BOMDYEING,INR,116505002,NSE,STK
BOMBAY RAYON FASHIONS LTD,BRFL,BRFL,INR,56988083,NSE,STK
BOSCH LTD,BOSCHLTD,BOSCHLTD,INR,56988066,NSE,STK
BPL LTD,BPL,BPL,INR,75733123,NSE,STK
BRIGADE ENTERPRISES LTD,BRIGADE,BRIGADE,INR,56988086,NSE,STK
BRITANNIA INDUSTRIES LTD,BRITANNIA,BRITANNIA,INR,78724752,NSE,STK
BROADCAST INITIATIVES LTD,BROADCAST,BROADCAST,INR,56987879,NSE,STK
BROOKS LABORATORIES LTD,BROOKS,BROOKS,INR,93875741,NSE,STK
BS TRANSCOMM LTD,BSLIMITED,BSLIMITED,INR,142248412,NSE,STK
BSEL INFRASTRUCTURE REALTY LTD,BSELINFRA,BSELINFRA,INR,56988107,NSE,STK
BSL LTD,BSL,BSL,INR,56988127,NSE,STK
BURNPUR CEMENT LTD,BURNPUR,BURNPUR,INR,56988071,NSE,STK
BUTTERFLY GANDHIMATHI APPLIANCES LTD,BUTTERFLY,BUTTERFLY,INR,64684086,NSE,STK
C MAHENDRA EXPORTS LTD,CMAHENDRA,CMAHENDRA,INR,82962419,NSE,STK
C&C CONSTRUCTIONS LTD,CANDC,CANDC,INR,56985322,NSE,STK
CADILA HEALTHCARE LTD,CADILAHC,CADILAHC,INR,56985339,NSE,STK
CAIRN INDIA LTD,CAIRN,CAIRN,INR,50486111,NSE,STK
CALIFORNIA SOFTWARE CO LTD,CALSOFT,CALSOFT,INR,56985384,NSE,STK
CAMBRIDGE SOLUTIONS LTD,XCHANGING,XCHANGING,INR,56985287,NSE,STK
CAMBRIDGE TECHNOLOGY ENTERPRISES LTD,CTE,CTE,INR,56985504,NSE,STK
CAMLIN FINE SCIENCES LTD,CAMLINFIN,CAMLINFINE,INR,165865821,NSE,STK
CAMLIN LTD,KOKUYOCML,KOKUYOCMLN,INR,56985288,NSE,STK
CAN FIN HOMES LTD,CANFINHOM,CANFINHOME,INR,56985293,NSE,STK
CANARA BANK,CANBK,CANBK,INR,56985302,NSE,STK
CANARA ROBECO GOLD EXCHANGE TRADED FUND,CRMFGETF,CRMFGETF,INR,105063889,NSE,STK
CANTABIL RETAIL INDIA LTD,CANTABIL,CANTABIL,INR,79871596,NSE,STK
CAPLIN POINT LABORATORIES LTD,CAPLIPOIN,CAPLIPOINT,INR,64683330,NSE,STK
CARBORUNDUM UNIVERSAL LTD,CARBORUNI,CARBORUNIV,INR,95548951,NSE,STK
CAREER POINT INFOSYSTEMS LTD,CAREERP,CAREERP,INR,79730134,NSE,STK
CASTROL INDIA LTD,CASTROLIN,CASTROLIND,INR,146063895,NSE,STK
CCL PRODUCTS INDIA LTD,CCL1,CCL,INR,132773219,NSE,STK
CEAT LTD,CEATLTD,CEATLTD,INR,56985342,NSE,STK
CELEBRITY FASHIONS LTD,CELEBRITY,CELEBRITY,INR,56985374,NSE,STK
CELESTIAL BIOLABS LTD,CELESTIAL,CELESTIAL,INR,56985344,NSE,STK
CENTRAL BANK OF INDIA,CENTRALBK,CENTRALBK,INR,56985305,NSE,STK
CENTUM ELECTRONICS LTD,CENTUM,CENTUM,INR,56985500,NSE,STK
CENTURY ENKA LTD,CENTENKA,CENTENKA,INR,56985349,NSE,STK
CENTURY EXTRUSIONS LTD,CENTEXT,CENTEXT,INR,56985361,NSE,STK
CENTURY PLYBOARDS INDIA LTD,CENTURYPL,CENTURYPLY,INR,56985449,NSE,STK
CENTURY TEXTILE & INDUSTRIES LTD,CENTURYTE,CENTURYTEX,INR,56985354,NSE,STK
CERA SANITARYWARE LTD,CERA,CERA,INR,56985491,NSE,STK
CEREBRA INTEGRATED TECHNOLOGIES LTD,CEREBRAIN,CEREBRAINT,INR,64683447,NSE,STK
CESC LTD,CESC,CESC,INR,56985359,NSE,STK
CHAKKILAM INFOTECH LTD,CIGNITITE,CIGNITITEC,INR,64683442,NSE,STK
CHAMBAL FERTILIZERS & CHEMICALS LTD,CHAMBLFER,CHAMBLFERT,INR,56985404,NSE,STK
CHEMFAB ALKALIES LTD,CHEMFALKA,CHEMFALKAL,INR,56985395,NSE,STK
CHENNAI PETROLEUM CORP LTD,CHENNPETR,CHENNPETRO,INR,56987345,NSE,STK
CHOLAMANDALAM INVESTMENT AND FINANCE CO LTD,CHOLAFIN,CHOLAFIN,INR,56985332,NSE,STK
CHROMATIC INDIA LTD,CHROMATIC,CHROMATIC,INR,64683350,NSE,STK
CIL NOVA PETROCHEMICALS LTD,CNOVAPETR,CNOVAPETRO,INR,141212388,NSE,STK
CIMMCO LTD,CIMMCO,CIMMCO,INR,94133156,NSE,STK
CINEMAX PROPERTIES LTD,CINELINE,CINELINE,INR,108538699,NSE,STK
CINEVISTAAS LTD,CINEVISTA,CINEVISTA,INR,56985439,NSE,STK
CIPLA LTD/INDIA,CIPLA,CIPLA,INR,44652139,NSE,STK
CITY UNION BANK LTD,CUB,CUB,INR,56985542,NSE,STK
CLARIANT CHEMICALS INDIA LTD,CLNINDIA,CLNINDIA,INR,56985422,NSE,STK
CLASSIC DIAMONDS INDIA LTD,CLASSIC,CLASSIC,INR,56985412,NSE,STK
CLUTCH AUTO LTD,CLUTCHAUT,CLUTCHAUTO_BZ,INR,56985424,NSE,STK
CMC LTD,CMC,CMC,INR,56985429,NSE,STK
COAL INDIA LTD,COALINDIA,COALINDIA,INR,80626626,NSE,STK
COLGATE PALMOLIVE INDIA LTD,COLPAL,COLPAL,INR,56985419,NSE,STK
COMMERCIAL ENGINEERS & BODY BUILDERS CO LTD,CEBBCO,CEBBCO,INR,80247304,NSE,STK
COMPUCOM SOFTWARE LTD,COMPUSOFT,COMPUSOFT,INR,64683433,NSE,STK
CONSOLIDATED CONSTRUCTION CONSORTIUM LTD,CCCL,CCCL,INR,72526520,NSE,STK
CONSOLIDATED FINVEST & HOLDINGS LTD,CONSOFINV,CONSOFINVT,INR,56985329,NSE,STK
CONTAINER CORP OF INDIA,CONCOR,CONCOR,INR,56985327,NSE,STK
CORDS CABLE INDUSTRIES LTD,CORDSCABL,CORDSCABLE,INR,56985443,NSE,STK
CORE EDUCATION & TECHNOLOGIES LTD,COREEDUTE,COREEDUTEC,INR,56985464,NSE,STK
COROMANDEL INTERNATIONAL LTD,COROMANDE,COROMANDEL,INR,82363812,NSE,STK
CORP BANK,CORPBANK,CORPBANK,INR,180222143,NSE,STK
COSMO FILMS LTD,COSMOFILM,COSMOFILMS,INR,56985378,NSE,STK
COUNTRY CLUB INDIA LTD,CCHHL,CCHHL,INR,64683146,NSE,STK
COUNTRY CONDOS LTD,COUNCODOS,COUNCODOS,INR,75733192,NSE,STK
COX & KINGS LTD,COXKINGS,COX&KINGS,INR,90028958,NSE,STK
CREATIVE EYE LTD,CREATIVEY,CREATIVEYE,INR,56985364,NSE,STK
CREDIT ANALYSIS & RESEARCH,CARERATIN,CARERATING,INR,119564853,NSE,STK
CRISIL LTD,CRISIL,CRISIL,INR,95305491,NSE,STK
CROMPTON GREAVES LTD,CROMPGREA,CROMPGREAV,INR,56985479,NSE,STK
CUBEX TUBINGS LTD,CUBEXTUB,CUBEXTUB,INR,56985545,NSE,STK
CUMMINS INDIA LTD,CUMMINSIN,CUMMINSIND,INR,56985045,NSE,STK
CYBER MEDIA INDIA LTD,CYBERMEDI,CYBERMEDIA,INR,56985548,NSE,STK
CYBERTECH SYSTEMS & SOFTWARE LTD,CYBERTECH,CYBERTECH,INR,56985554,NSE,STK
D-LINK INDIA LTD,DLINKINDI,DLINKINDIA,INR,60890242,NSE,STK
DABUR INDIA LTD,DABUR,DABUR,INR,44652199,NSE,STK
DALMIA BHARAT ENTERPRISES LTD,DALMIABHA,DALMIABHA,INR,83386668,NSE,STK
DALMIA BHARAT SUGAR & INDUSTRIES LTD,DALMIASUG,DALMIASUG,INR,56983997,NSE,STK
DATAMATICS GLOBAL SERVICES LTD,DATAMATIC,DATAMATICS,INR,56983991,NSE,STK
DB CORP LTD,DBCORP,DBCORP,INR,71748467,NSE,STK
DB INTERNATIONAL STOCK BROKERS LTD,DBSTOCKBR,DBSTOCKBRO,INR,79427381,NSE,STK
DB REALTY LTD,DBREALTY,DBREALTY,INR,72950257,NSE,STK
DCM LTD,DCM,DCM,INR,56984005,NSE,STK
DCM SHRIRAM CONSOLIDATED,DCMSRMCON,DCMSHRIRAM,INR,56984015,NSE,STK
DCW LTD,DCW,DCW,INR,56984017,NSE,STK
DE NORA INDIA LTD,DENORA,DENORA,INR,56984040,NSE,STK
DECCAN CEMENTS LTD,DECCANCE,DECCANCE,INR,56984030,NSE,STK
DECOLIGHT CERAMICS LTD,DECOLIGHT,DECOLIGHT,INR,56984027,NSE,STK
DEEP INDUSTRIES LTD,DEEPIND,DEEPIND,INR,64688703,NSE,STK
DEEPAK FERTILIZERS & PETROCHEMICALS CORP LTD,DEEPAKFER,DEEPAKFERT,INR,56984054,NSE,STK
DEEPAK NITRITE LTD,DEEPAKNTR,DEEPAKNTR,INR,156534857,NSE,STK
DELTA CORP LTD,DELTACORP,DELTACORP,INR,56984039,NSE,STK
DELTA MAGNETS LTD,DELTAMAGN,DELTAMAGNT,INR,56984034,NSE,STK
DEN NETWORKS LTD,DEN,DEN,INR,70756752,NSE,STK
DENA BANK,DENABANK,DENABANK,INR,56983992,NSE,STK
DEVELOPMENT CREDIT BANK LTD,DCBBANK,DCBBANK,INR,56984045,NSE,STK
DEWAN HOUSING FINANCE CORP LTD,DHFL,DHFL,INR,56984051,NSE,STK
DHAMPUR SUGAR MILLS LTD,DHAMPURSU,DHAMPURSUG,INR,56984118,NSE,STK
DHANALAKSHMI BANK LTD,DHANBANK,DHANBANK,INR,56984064,NSE,STK
DHANUKA AGRITECH LTD,DHANUKA,DHANUKA,INR,78635345,NSE,STK
DHARANI SUGARS & CHEMICALS,DHARSUGAR,DHARSUGAR,INR,56984104,NSE,STK
DHUNSERI INVESTMENTS LTD,DHUNINV,DHUNINV,INR,85543753,NSE,STK
DHUNSERI PETROCHEM & TEA LTD,DPL,DPL,INR,56984069,NSE,STK
DHUNSERI TEA & INDUSTRIES LTD/,DTIL,DTIL,INR,181032033,NSE,STK
DIAMOND POWER INFRASTRUCTURE LTD,DIAPOWER,DIAPOWER,INR,64688414,NSE,STK
DIC INDIA LTD,DICIND,DICIND,INR,56984074,NSE,STK
DIGJAM LTD,DIGJAM,DIGJAM,INR,56984057,NSE,STK
DISH TV INDIA LTD,DISHTV,DISHTV,INR,56984081,NSE,STK
DISHMAN PHARMACEUTICALS & CHEMICALS LTD,DISHMAN,DISHMAN,INR,56984079,NSE,STK
DIVIS LABORATORIES LTD,DIVISLAB,DIVISLAB,INR,56984084,NSE,STK
DLF LTD,DLF,DLF,INR,49982064,NSE,STK
DOLPHIN OFFSHORE ENTERPRISES INDIA LTD,DOLPHINOF,DOLPHINOFF,INR,56984098,NSE,STK
DONEAR INDUSTRIES LTD,DONEAR,DONEAR,INR,56984094,NSE,STK
DPSC LTD,DPSCLTD,DPSCLTD,INR,98703855,NSE,STK
DQ ENTERTAINMENT INTERNATIONAL LTD,DQE,DQE,INR,89584622,NSE,STK
DR REDDYS LABORATORIES LTD,DRREDDY,DRREDDY,INR,44652180,NSE,STK
DREDGING CORP OF INDIA LTD,DREDGECOR,DREDGECORP,INR,56984000,NSE,STK
DS KULKARNI DEVELOPERS LTD,DSKULKARN,DSKULKARNI,INR,56984115,NSE,STK
DUNCANS INDUSTRIES LTD,DUNCANSLT,DUNCANSLTD,INR,130801229,NSE,STK
DWARIKESH SUGAR INDUSTRIES LTD,DWARKESH,DWARKESH,INR,56984109,NSE,STK
DYNACONS SYSTEMS & SOLUTIONS LTD,DSSL,DSSL,INR,97147261,NSE,STK
DYNACONS TECHNOLOGIES LTD,DYNATECH,DYNATECH,INR,82628881,NSE,STK
DYNAMATIC TECHNOLOGIES LTD,DYNAMATEC,DYNAMATECH,INR,56984124,NSE,STK
EASTERN SILK INDUSTRIES LTD,EASTSILK,EASTSILK,INR,56984435,NSE,STK
EASUN REYROLLE LTD,EASUNREYR,EASUNREYRL,INR,56984401,NSE,STK
ECE INDUSTRIES LTD,ECEIND,ECEIND,INR,56984289,NSE,STK
ECLERX SERVICES LTD,ECLERX,ECLERX,INR,75733275,NSE,STK
EDELWEISS ETF-NIFTY EES,NIFTYEES,NIFTYEES,INR,194310322,NSE,STK
EDELWEISS FINANCIAL SERVICES LTD,EDELWEISS,EDELWEISS,INR,77837409,NSE,STK
EDUCOMP SOLUTIONS LTD,EDUCOMP,EDUCOMP,INR,69908072,NSE,STK
EICHER MOTORS LTD,EICHERMOT,EICHERMOT,INR,56984334,NSE,STK
EID PARRY INDIA LTD,EIDPARRY,EIDPARRY,INR,82363785,NSE,STK
EIH ASSOCIATED HOTELS,EIHAHOTEL,EIHAHOTELS,INR,56983604,NSE,STK
EIH LTD,EIHOTEL,EIHOTEL,INR,56984324,NSE,STK
EIMCO ELECON INDIA LTD,EIMCOELEC,EIMCOELECO,INR,56984314,NSE,STK
ELDER PHARMACEUTICALS LTD,ELDERPHAR,ELDERPHARM,INR,56984351,NSE,STK
ELECON ENGINEERING CO LTD,ELECON,ELECON,INR,56984346,NSE,STK
ELECTROSTEEL CASTINGS LTD,ELECTCAST,ELECTCAST,INR,56984358,NSE,STK
ELECTROSTEEL STEELS LTD,ESL,ESL,INR,79773539,NSE,STK
ELECTROTHERM INDIA LTD,ELECTHERM,ELECTHERM,INR,56984361,NSE,STK
ELGI EQUIPMENTS LTD,ELGIEQUIP,ELGIEQUIP,INR,56984355,NSE,STK
ELGI RUBBER CO LTD,ELGIRUBCO,ELGIRUBCO,INR,92608238,NSE,STK
EMAMI INFRASTRUCTURE LTD,EMAMIINFR,EMAMIINFRA,INR,77576800,NSE,STK
EMAMI LTD,EMAMILTD,EMAMILTD,INR,77442377,NSE,STK
EMCO LTD,EMCO,EMCO,INR,56984364,NSE,STK
EMKAY GLOBAL FINANCIAL SERVICES LTD,EMKAY,EMKAY,INR,56984375,NSE,STK
EMMBI POLYARNS LTD,EMMBI,EMMBI,INR,72975227,NSE,STK
EMPEE DISTILLERIES LTD,EDL,EDL,INR,56984304,NSE,STK
ENERGY DEVELOPMENT CO LTD/INDIA,ENERGYDEV,ENERGYDEV,INR,56984381,NSE,STK
ENGINEERS INDIA LTD,ENGINERSI,ENGINERSIN,INR,75044888,NSE,STK
ENKEI CASTALLOY LTD,ALICON,ALICON,INR,56984336,NSE,STK
ENTEGRA LTD,ENTEGRA,ENTEGRA,INR,56984331,NSE,STK
ENTERTAINMENT NETWORK INDIA LTD,ENIL,ENIL,INR,56984384,NSE,STK
EON ELECTRIC LTD,EON,EON,INR,108499376,NSE,STK
ERA INFRA ENGINEERING LTD,ERAINFRA,ERAINFRA,INR,56984399,NSE,STK
EROS INTERNATIONAL MEDIA LTD,EROSMEDIA,EROSMEDIA,INR,79730131,NSE,STK
ESAB INDIA LTD,ESABINDIA,ESABINDIA,INR,56984404,NSE,STK
ESCORTS LTD,ESCORTS,ESCORTS,INR,56984411,NSE,STK
ESS DEE ALUMINIUM LTD,ESSDEE,ESSDEE,INR,56984292,NSE,STK
ESSAR OIL LTD,ESSAROIL,ESSAROIL,INR,56984441,NSE,STK
ESSAR PORTS LTD,ESSARPORT,ESSARPORTS,INR,89034188,NSE,STK
ESSAR SHIPPING LTD,ESSARSHPN,ESSARSHPNG,INR,97449624,NSE,STK
ESSEL PROPACK LTD,ESSELPACK,ESSELPACK,INR,56984418,NSE,STK
ESTER INDUSTRIES LTD,ESTER,ESTER,INR,64683559,NSE,STK
EURO CERAMICS LTD,EUROCERA,EUROCERA,INR,56984471,NSE,STK
EURO MULTIVISION LTD,EUROMULTI,EUROMULTI,INR,72432205,NSE,STK
EUROTEX INDUSTRIES & EXPORTS LTD,EUROTEXIN,EUROTEXIND,INR,56984321,NSE,STK
EVEREADY INDUSTRIES INDIA LTD,EVEREADY,EVEREADY,INR,56984494,NSE,STK
EVEREST INDUSTRIES LTD,EVERESTIN,EVERESTIND,INR,56984477,NSE,STK
EVEREST KANTO CYLINDER LTD,EKC,EKC,INR,56984341,NSE,STK
EVERONN EDUCATION LTD,EVERONN,EVERONN,INR,56984424,NSE,STK
EXCEL CROP CARE LTD,EXCELCROP,EXCELCROP,INR,56984501,NSE,STK
EXCEL INDUSTRIES LTD,EXCELINDU,EXCELINDUS,INR,56984511,NSE,STK
EXCEL INFOWAYS LTD,EXCEL,EXCEL,INR,72432200,NSE,STK
EXIDE INDUSTRIES LTD,EXIDEIND,EXIDEIND,INR,56985401,NSE,STK
FAG BEARINGS INDIA LTD,FAGBEARIN,FAGBEARING,INR,56983509,NSE,STK
FARMAX INDIA LTD,FARMAXIND,FARMAXIND,INR,77716111,NSE,STK
FCS SOFTWARE SOLUTIONS LTD,FCSSOFT,FCSSOFT,INR,69447224,NSE,STK
FDC LTD,FDC,FDC,INR,56983549,NSE,STK
FEDDERS LLOYD CORP LTD,FEDDERLOY,FEDDERLOYD,INR,56983554,NSE,STK
FEDERAL BANK LTD,FEDERALBN,FEDERALBNK,INR,136316474,NSE,STK
FEDERAL-MOGUL GOETZE INDIA LTD,FMGOETZE,FMGOETZE,INR,56983565,NSE,STK
FERTILISERS & CHEMICALS TRAVANCORE LTD,FACT,FACT,INR,56983544,NSE,STK
FIEM INDUSTRIES LTD,FIEMIND,FIEMIND,INR,56983559,NSE,STK
FILATEX INDIA LTD,FILATEX,FILATEX,INR,64683792,NSE,STK
FINANCIAL TECHNOLOGIES INDIA LTD,FINANTECH,FINANTECH,INR,56983594,NSE,STK
FINEOTEX CHEMICAL LTD,FCL,FCL,INR,196550755,NSE,STK
FINOLEX CABLES LTD,FINCABLES,FINCABLES,INR,56983571,NSE,STK
FINOLEX INDUSTRIES LTD,FINPIPE,FINPIPE,INR,56983574,NSE,STK
FIRST WINNER INDUSTRIES LTD,FIRSTWIN,FIRSTWIN,INR,56983599,NSE,STK
FIRSTSOURCE SOLUTIONS LTD,FSL,FSL,INR,56983589,NSE,STK
FLEXITUFF INTERNATIONAL LTD,FLEXITUFF,FLEXITUFF,INR,96028245,NSE,STK
FORTIS HEALTHCARE INDIA LTD,FORTIS,FORTIS,INR,56983577,NSE,STK
FOSECO INDIA LTD,FOSECOIND,FOSECOIND,INR,56983584,NSE,STK
FOUR SOFT LTD,PALRED,PALRED,INR,56983580,NSE,STK
FUTURE CAPITAL HOLDINGS LTD,CAPF,CAPF,INR,56983523,NSE,STK
FUTURE LIFESTYLE FASHIONS LTD,FLFL,FLFL,INR,130831764,NSE,STK
FUTURE VENTURES INDIA LTD,FCEL,FCEL,INR,130760477,NSE,STK
GABRIEL INDIA LTD,GABRIEL,GABRIEL,INR,56986137,NSE,STK
GAIL INDIA LTD,GAIL,GAIL,INR,44652084,NSE,STK
GALLANTT ISPAT LTD,GALLISPAT,GALLISPAT,INR,79839452,NSE,STK
GALLANTT METAL LTD,GALLANTT,GALLANTT,INR,56986149,NSE,STK
GAMMON INDIA LTD,GAMMONIND,GAMMONIND,INR,56986260,NSE,STK
GAMMON INFRASTRUCTURE PROJECTS LTD,GAMMNINFR,GAMMNINFRA,INR,69910028,NSE,STK
GANDHI SPECIAL TUBES LTD,GANDHITUB,GANDHITUBE,INR,56986280,NSE,STK
GANESH ECOSPHERE LTD,GANECOS,GANECOS,INR,64683957,NSE,STK
GANESH HOUSING CORP LTD,GANESHHOU,GANESHHOUC,INR,56986219,NSE,STK
GANGOTRI TEXTILES LTD,GANGOTRI,GANGOTRI,INR,56986294,NSE,STK
GARDEN SILK MILLS LTD,GARDENSIL,GARDENSILK,INR,56986330,NSE,STK
GARWARE OFFSHORE SERVICES LTD,GLOBOFFS,GLOBOFFS,INR,56986404,NSE,STK
GARWARE WALL ROPES LTD,GARWALLRO,GARWALLROP,INR,56986411,NSE,STK
GATEWAY DISTRIPARKS LTD,GDL,GDL,INR,56986179,NSE,STK
GATI LTD,GATI,GATI,INR,56986365,NSE,STK
GAYATRI PROJECTS LTD,GAYAPROJ,GAYAPROJ,INR,64684272,NSE,STK
GEECEE VENTURES LTD,GEECEE,GEECEE,INR,56986161,NSE,STK
GEI INDUSTRIAL SYSTEMS LTD,GEINDSYS,GEINDSYS,INR,64684168,NSE,STK
GEMINI COMMUNICATIONS LTD,GEMINI,GEMINI,INR,56986255,NSE,STK
GENESYS INTERNATIONAL CORP LTD,GENESYS,GENESYS,INR,76662806,NSE,STK
GENUS PAPER & BOARD LTD,GENUSPAPE,GENUSPAPER,INR,183903727,NSE,STK
GENUS POWER INFRASTRUCTURE LTD,GENUSPOWE,GENUSPOWER,INR,80311142,NSE,STK
GEOJIT BNP PARIBAS FINANCIAL SERVICES LTD,GEOJITBNP,GEOJITBNPP,INR,56986205,NSE,STK
GEOMETRIC LTD,GEOMETRIC,GEOMETRIC,INR,56986185,NSE,STK
GHCL LTD,GHCL,GHCL,INR,56986212,NSE,STK
GI ENGINEERING SOLUTIONS LTD,GISOLUTIO,GISOLUTION,INR,75733209,NSE,STK
GIC HOUSING FINANCE LTD,GICHSGFIN,GICHSGFIN,INR,56986222,NSE,STK
GILLANDERS ARBUTHNOT & CO LTD,GILLANDER,GILLANDERS,INR,64684270,NSE,STK
GILLETTE INDIA LTD,GILLETTE,GILLETTE,INR,56985730,NSE,STK
GINNI FILAMENTS LTD,GINNIFILA,GINNIFILA,INR,75733231,NSE,STK
GIR NATURE VIEW RESORTS LTD,GIRRESORT,GIRRESORTS,INR,198841673,NSE,STK
GITANJALI GEMS LTD,GITANJALI,GITANJALI,INR,56986234,NSE,STK
GKW LTD,GKWLIMITE,GKWLIMITED,INR,76142602,NSE,STK
GLAXOSMITHKLINE CONSUMER HEALTHCARE LTD,GSKCONS,GSKCONS,INR,56989051,NSE,STK
GLAXOSMITHKLINE PHARMACEUTICALS LTD,GLAXO,GLAXO,INR,44652177,NSE,STK
GLENMARK PHARMACEUTICALS LTD,GLENMARK,GLENMARK,INR,56986291,NSE,STK
GLOBAL VECTRA HELICORP LTD,GLOBALVEC,GLOBALVECT,INR,76142574,NSE,STK
GLOBUS SPIRITS LTD,GLOBUSSPR,GLOBUSSPR,INR,72432211,NSE,STK
GLORY POLYFILMS LTD,GLORY,GLORY,INR,56986320,NSE,STK
GM BREWERIES LTD,GMBREW,GMBREW,INR,56986250,NSE,STK
GMR INFRASTRUCTURE LTD,GMRINFRA,GMRINFRA,INR,69237773,NSE,STK
GOA CARBON LTD,GOACARBON,GOACARBON,INR,56986297,NSE,STK
GODAWARI POWER AND ISPAT LTD,GPIL,GPIL,INR,56986300,NSE,STK
GODFREY PHILLIPS INDIA LTD,GP,GODFRYPHLP,INR,174961888,NSE,STK
GODREJ CONSUMER PRODUCTS LTD,GODREJCP,GODREJCP,INR,56986171,NSE,STK
GODREJ INDUSTRIES LTD,GODREJIND,GODREJIND,INR,56986182,NSE,STK
GODREJ PROPERTIES LTD,GPL,GODREJPROP,INR,138950253,NSE,STK
GOENKA DIAMOND AND JEWELS LTD,GOENKA,GOENKA_BZ,INR,116304258,NSE,STK
GOKALDAS EXPORTS LTD,GOKEX,GOKEX,INR,56986199,NSE,STK
GOKUL REFOILS & SOLVENT LTD,GOKUL,GOKUL,INR,69412863,NSE,STK
GOLD BENCHMARK EXCHANGE TRADED SCHEME - GOLD BEES,GOLDBEES,GOLDBEES,INR,56986159,NSE,STK
GOLDEN TOBACCO LTD,GOLDENTOB,GOLDENTOBC,INR,56986380,NSE,STK
GOLDIAM INTERNATIONAL LTD,GOLDIAM,GOLDIAM,INR,56986239,NSE,STK
GOLDMAN SACHS BANKING INDEX EXCHANGE TRADED SCHEME - GS BANK BEES,BANKBEES,BANKBEES,INR,56987867,NSE,STK
GOLDMAN SACHS INFRASTRUCTURE EXCHANGE TRADED SCHEME - GS INFRA BEES,INFRABEES,INFRABEES,INR,109603813,NSE,STK
GOLDMAN SACHS LIQUID EXCHANGE TRADED SCHEME - GS LIQUID BEES,LIQUIDBEE,LIQUIDBEES,INR,56983408,NSE,STK
GOLDMAN SACHS NIFTY EXCHANGE TRADED SCHEME - GS NIFTY BEES,NIFTYBEES,NIFTYBEES,INR,56984531,NSE,STK
GOLDMAN SACHS NIFTY JUNIOR EXCHANGE TRADED SCHEME - GS JUNIOR BEES,JUNIORBEE,JUNIORBEES,INR,56984144,NSE,STK
GOLDMAN SACHS PSU BANK EXCHANGE TRADED SCHEME - GS PSU BANK BEES,PSUBNKBEE,PSUBNKBEES,INR,56987067,NSE,STK
GOLDMAN SACHS S&P CNX NIFTY SHARIAH INDEX EXCHANGE TRADED SCHEME - GS S&P SHARIA,SHARIABEE,SHARIABEES,INR,75733353,NSE,STK
GOLDSTONE INFRATECH LTD,GOLDINFRA,GOLDINFRA,INR,56986391,NSE,STK
GOLDSTONE TECHNOLOGIES LTD,GOLDTECH,GOLDTECH,INR,56986354,NSE,STK
GOOD LUCK STEEL TUBES LTD,GOODLUCK,GOODLUCK,INR,64684157,NSE,STK
GRANULES INDIA LTD,GRANULES,GRANULES,INR,186878917,NSE,STK
GRAPHITE INDIA LTD,GRAPHITE,GRAPHITE,INR,56986339,NSE,STK
GRASIM INDUSTRIES LTD,GRASIM,GRASIM,INR,44652099,NSE,STK
GRAVITA INDIA LTD,GRAVITA,GRAVITA,INR,107998370,NSE,STK
GREAT EASTERN SHIPPING CO LTD/THE,GESHIP,GESHIP,INR,56986194,NSE,STK
GREAT OFFSHORE LTD,GTOFFSHOR,GTOFFSHORE,INR,56986305,NSE,STK
GREAVES COTTON LTD,GREAVESCO,GREAVESCOT,INR,81325729,NSE,STK
GREENEARTH RESOURCES AND PROJECTS LTD,AUSTRAL,AUSTRAL,INR,64936286,NSE,STK
GREENLAM INDUSTRIES LIMITED,GREENLAM,GREENLAM,INR,175916048,NSE,STK
GREENPLY INDUSTRIES LTD,GREENPLY,GREENPLY,INR,56987660,NSE,STK
GRINDWELL NORTON LTD,GRINDWELL,GRINDWELL,INR,56986401,NSE,STK
GRP LTD/INDIA,GRPLTD,GRPLTD,INR,64684020,NSE,STK
GRUH FINANCE LTD,GRUH,GRUH,INR,110646650,NSE,STK
GS CPSE ID EXCH-GS CPSE BEES,CPSEETF,CPSEETF,INR,147871235,NSE,STK
GSS AMERICA INFOTECH LTD,GSS,GSS,INR,56986360,NSE,STK
GTL INFRASTRUCTURE LTD,GTLINFRA,GTLINFRA,INR,56986371,NSE,STK
GTL LTD,GTL,GTL,INR,56986386,NSE,STK
GTN INDUSTRIES LTD,GTNIND,GTNIND,INR,56986374,NSE,STK
GTN TEXTILES LTD,GTNTEX,GTNTEX,INR,56986377,NSE,STK
GUFIC BIOSCIENCES LTD,GUFICBIO,GUFICBIO,INR,56985371,NSE,STK
GUJARAT ALKALIES & CHEMICALS,GUJALKALI,GUJALKALI,INR,56986144,NSE,STK
GUJARAT AMBUJA EXPORTS LTD,GAEL,GAEL,INR,56986140,NSE,STK
GUJARAT APOLLO INDUSTRIES LTD,GUJAPOLLO,GUJAPOLLO,INR,56986154,NSE,STK
GUJARAT FLOUROCHEMICALS,GUJFLUORO,GUJFLUORO,INR,56986200,NSE,STK
GUJARAT INDUSTRIES POWER CO LTD,GIPCL,GIPCL,INR,56986224,NSE,STK
GUJARAT LEASE FINANCING LTD,GLFL,GLFL,INR,56986240,NSE,STK
GUJARAT MINERAL DEVELOPMENT CORP LTD,GMDCLTD,GMDCLTD,INR,56986257,NSE,STK
GUJARAT NARMADA VALLEY FERTILIZERS CO LTD,GNFC,GNFC,INR,56986285,NSE,STK
GUJARAT NRE COKE LTD,GUJNRECOK,GUJNRECOKE,INR,56986279,NSE,STK
GUJARAT NRE COKE LTD,GUJNREDVR,GUJNREDVR,INR,75822024,NSE,STK
GUJARAT PIPAVAV PORT LTD,GPPL,GPPL,INR,78746682,NSE,STK
GUJARAT SIDHEE CEMENT LTD,GSCLCEMEN,GSCLCEMENT,INR,127625251,NSE,STK
GUJARAT STATE FERTILISERS & CHEMICALS LTD,GSFC,GSFC,INR,113787164,NSE,STK
GUJARAT STATE PETRONET LTD,GSPL,GSPL,INR,56986392,NSE,STK
GULF OIL CORP LTD,GULFCORP,GULFCORP,INR,158011522,NSE,STK
GULF OIL LUBRICANTS INDIA LT,GULFOILLU,GULFOILLUB,INR,162399636,NSE,STK
GULSHAN POLYOLS LTD,GULPOLY,GULPOLY,INR,64684260,NSE,STK
GVK POWER & INFRASTRUCTURE LTD,GVKPIL,GVKPIL,INR,56986397,NSE,STK
GYSCOAL ALLOY LTD,GAL,GAL,INR,80409122,NSE,STK
HALONIX LTD,PHOENIXLL,PHOENIXLL,INR,56986948,NSE,STK
HANG SENG BENCHMARK EXCHANGE TRADED SCHEME - HANG SENG BEES,HNGSNGBEE,HNGSNGBEES,INR,73451273,NSE,STK
HANUNG TOYS & TEXTILES LTD,HANUNG,HANUNG,INR,56983962,NSE,STK
HARITA SEATING SYSTEMS LTD,HARITASEA,HARITASEAT,INR,76142576,NSE,STK
HARRISONS MALAYALAM LTD,HARRMALAY,HARRMALAYA,INR,56983934,NSE,STK
HATHWAY CABLE AND DATACOM LTD,HATHWAY,HATHWAY,INR,179029728,NSE,STK
HATSUN AGRO PRODUCTS LTD,HATSUN,HATSUN,INR,95370839,NSE,STK
HAVELLS INDIA LTD,HAVELLS,HAVELLS,INR,164667099,NSE,STK
HB STOCKHOLDINGS LTD,HBSTOCK,HBSTOCK,INR,56983832,NSE,STK
HBL POWER SYSTEMS LTD,HBLPOWER,HBLPOWER,INR,70596511,NSE,STK
HCL INFOSYSTEMS LTD,HCL-INSYS,HCL-INSYS,INR,56983851,NSE,STK
HCL TECHNOLOGIES LTD,HCLTECH,HCLTECH,INR,44652094,NSE,STK
HDFC BANK LTD,HDFCBANK,HDFCBANK,INR,90825534,NSE,STK
HDFC GOLD EXCHANGE TRADED FUND,HDFCMFGET,HDFCMFGETF,INR,78017298,NSE,STK
HEG LTD,HEG,HEG,INR,56983871,NSE,STK
HEIDELBERGCEMENT INDIA LTD,HEIDELBER,HEIDELBERG,INR,56987811,NSE,STK
HELIOS & MATHESON INFORMATION TECHONOLOGY LTD,HELIOSMAT,HELIOSMATH,INR,56983897,NSE,STK
HERCULES HOISTS LTD,HERCULES,HERCULES,INR,56983841,NSE,STK
HERITAGE FOODS INDIA LTD,HERITGFOO,HERITGFOOD,INR,75733313,NSE,STK
HERO HONDA MOTORS LTD,HEROMOTOC,HEROMOTOCO,INR,44652149,NSE,STK
HESTER PHARMACEUTICALS LTD,HESTERBIO,HESTERBIO,INR,64684434,NSE,STK
HEXA TRADEX LTD,HEXATRADE,HEXATRADEX,INR,106057700,NSE,STK
HEXAWARE TECHNOLOGIES LTD,HEXAWARE,HEXAWARE,INR,56983874,NSE,STK
HI-TECH GEARS LTD,HITECHGEA,HITECHGEAR,INR,56983947,NSE,STK
HIKAL LTD,HIKAL,HIKAL,INR,185291296,NSE,STK
HILTON METAL FORGING LTD,HILTON,HILTON,INR,56983894,NSE,STK
HIMACHAL FUTURISTIC COMMUNICATIONS,HFCL,HFCL,INR,85012939,NSE,STK
HIMADRI CHEMICALS & INDUSTRIES LTD,HCIL,HCIL,INR,80647277,NSE,STK
HIMATSINGKA SEIDE LTD,HIMATSEID,HIMATSEIDE,INR,56983940,NSE,STK
HIND RECTIFIERS LTD,HIRECT,HIRECT,INR,56983931,NSE,STK
HINDALCO INDUSTRIES LTD,HINDALCO,HINDALCO,INR,44652119,NSE,STK
HINDUJA FOUNDRIES LTD,HINDUJAFO,HINDUJAFO,INR,56984389,NSE,STK
HINDUJA GLOBAL SOLUTIONS LTD,HGS,HGS,INR,56983879,NSE,STK
HINDUJA VENTURES LTD,HINDUJAVE,HINDUJAVEN,INR,56983967,NSE,STK
HINDUSTAN COMPOSITES LTD,HINDCOMPO,HINDCOMPOS,INR,56983854,NSE,STK
HINDUSTAN CONSTRUCTION CO,HCC,HCC,INR,56983837,NSE,STK
HINDUSTAN COPPER LTD,HINDCOPPE,HINDCOPPER,INR,64684428,NSE,STK
HINDUSTAN DORR OLIVER LTD,HINDDORRO,HINDDORROL,INR,56983861,NSE,STK
HINDUSTAN MEDIA VENTURES LTD,HMVL,HMVL,INR,77476854,NSE,STK
HINDUSTAN MOTORS LTD,HINDMOTOR,HINDMOTORS,INR,84155174,NSE,STK
HINDUSTAN OIL EXPLORATION,HINDOILEX,HINDOILEXP,INR,56983914,NSE,STK
HINDUSTAN ORGANIC CHEMICALS LTD,HOCL,HOCL,INR,56983909,NSE,STK
HINDUSTAN PETROLEUM CORP LTD,HINDPETRO,HINDPETRO,INR,44652194,NSE,STK
HINDUSTAN SYNTEX LTD,HINDSYNTE,HINDSYNTEX,INR,75733356,NSE,STK
HINDUSTAN UNILEVER LTD,HINDUNILV,HINDUNILVR,INR,44652060,NSE,STK
HINDUSTAN ZINC LTD,HINDZINC,HINDZINC,INR,84948060,NSE,STK
HINDUSTHAN NATIONAL GLASS & INDUSTRIES LTD,HINDNATGL,HINDNATGLS,INR,75733101,NSE,STK
HITACHI HOME & LIFE SOLUTIONS INDIA LTD,HITACHIHO,HITACHIHOM,INR,56983950,NSE,STK
HITECH PLAST LTD,HITECHPLA,HITECHPLAS,INR,56983957,NSE,STK
HK FINECHEM LTD,ADI,ADI,INR,64684459,NSE,STK
HMT LTD,HMT,HMT,INR,56983904,NSE,STK
HONDA SIEL POWER PRODUCTS LTD,HONDAPOWE,HONDAPOWER,INR,56988976,NSE,STK
HONEYWELL AUTOMATION INDIA LTD,HONAUT,HONAUT,INR,56983971,NSE,STK
HORIZON INFRASTRUCTURE LTD,SKIL,SKIL,INR,56984605,NSE,STK
HOTEL LEELA VENTURE LTD,HOTELEELA,HOTELEELA,INR,56983424,NSE,STK
HOTEL RUGBY LTD,HOTELRUGB,HOTELRUGBY,INR,171623581,NSE,STK
HOUSING DEVELOPMENT & INFRASTRUCTURE LTD,HDIL,HDIL,INR,56983856,NSE,STK
HOUSING DEVELOPMENT FINANCE CORP,HDFC,HDFC,INR,77975259,NSE,STK
HOV SERVICES LTD,HOVS,HOVS,INR,56983921,NSE,STK
HSIL LTD,HSIL,HSIL,INR,56983937,NSE,STK
HT MEDIA LTD,HTMEDIA,HTMEDIA,INR,56983952,NSE,STK
HYDERABAD INDUSTRIES LTD,HIL,HIL,INR,56983974,NSE,STK
IBN18 BROADCAST LTD,TV18BRDCS,TV18BRDCST,INR,56985560,NSE,STK
ICI INDIA LTD,AKZOINDIA,AKZOINDIA,INR,56985584,NSE,STK
ICICI BANK LTD,ICICIBANK,ICICIBANK,INR,175596029,NSE,STK
ICICI PRUDENTIAL CNX 100 ETF,ICNX100,ICNX100,INR,133683574,NSE,STK
ICICI PRUDENTIAL GOLD ETF,IGOLD,IGOLD,INR,79383394,NSE,STK
ICICI PRUDENTIAL NIFTY ETF,INIFTY,INIFTY,INR,125039535,NSE,STK
ICRA LTD,ICRA,ICRA,INR,56985594,NSE,STK
ICSA INDIA LTD,ICSA,ICSA,INR,56988455,NSE,STK
IDBI BANK LTD,IDBI,IDBI,INR,56985599,NSE,STK
IDBI GOLD ETF,IDBIGOLD,IDBIGOLD,INR,106061263,NSE,STK
IDEA CELLULAR LTD,IDEA,IDEA,INR,50486121,NSE,STK
IFB ARGO INDUSTRIES LTD,IFBAGRO,IFBAGRO,INR,56985615,NSE,STK
IFB INDUSTRIES LTD,IFBIND,IFBIND,INR,56985617,NSE,STK
IFCI LTD,IFCI,IFCI,INR,56985620,NSE,STK
IFGL REFRACTORIES LTD,IFGLREFRA,IFGLREFRAC,INR,56985627,NSE,STK
IG PETROCHEMICALS LTD,IGPL,IGPL,INR,56985640,NSE,STK
IGARASHI MOTORS INDIA LTD,IGARASHI,IGARASHI,INR,56985639,NSE,STK
IIFL NIFTY ETF,IIFLNIFTY,IIFLNIFTY,INR,96674434,NSE,STK
IL & FS INVESTMENT MANAGERS LTD,IVC,IVC,INR,68595965,NSE,STK
IL&FS ENGINEERING AND CONSTRUCTION CO LTD,ILFSENGG,IL&FSENGG,INR,56987142,NSE,STK
IL&FS TRANSPORTATION NETWORKS LTD,ILFSTRANS,IL&FSTRANS,INR,73937545,NSE,STK
IMP POWERS LTD,INDLMETER,INDLMETER,INR,56985668,NSE,STK
IMPEX FERRO TECH LTD,IMPEXFERR,IMPEXFERRO,INR,56985678,NSE,STK
IND SWIFT LTD,INDSWFTLT,INDSWFTLTD,INR,56985736,NSE,STK
IND-SWIFT LABORATORIES LTD,INDSWFTLA,INDSWFTLAB,INR,56985815,NSE,STK
INDBANK MERCHANT BANKING SERVICES LTD,INDBANK,INDBANK,INR,56985665,NSE,STK
INDIA CEMENTS LTD,INDIACEM,INDIACEM,INR,56985582,NSE,STK
INDIA GLYCOLS LTD,INDIAGLYC,INDIAGLYCO,INR,56985634,NSE,STK
INDIA INFOLINE LTD,IIFL,IIFL,INR,56985654,NSE,STK
INDIA MOTOR PARTS AND ACCESSORIES LTD,IMPAL,IMPAL,INR,56985675,NSE,STK
INDIA NIPPON ELECTRICALS LTD,INDNIPPON,INDNIPPON,INR,56985702,NSE,STK
INDIABULLS HOUSING FINANCE L,INBULLS,IBULHSGFIN,INR,125585152,NSE,STK
INDIABULLS INFRASTRUCTURE AND POWER LTD,RTNINFRA,RTNINFRA,INR,101425171,NSE,STK
INDIABULLS POWER LTD,RTNPOWER,RTNPOWER,INR,72432181,NSE,STK
INDIABULLS REAL ESTATE LTD,IBREALEST,IBREALEST,INR,56985565,NSE,STK
INDIABULLS SECURITIES LTD,IBVENTURE,IBVENTURES,INR,56985569,NSE,STK
INDIABULLS WHOLESALE SERVICES LTD,IBWSL,IBWSL,INR,87877182,NSE,STK
INDIAN BANK,INDIANB,INDIANB,INR,56985685,NSE,STK
INDIAN CARD CLOTHING CO LTD,INDIANCAR,INDIANCARD,INR,56985579,NSE,STK
INDIAN HOTELS CO LTD,INDHOTEL,INDHOTEL,INR,56985645,NSE,STK
INDIAN HUME PIPE CO LTD,INDIANHUM,INDIANHUME,INR,78494794,NSE,STK
INDIAN METALS & FERRO ALLOYS LTD,IMFA,IMFA,INR,64685159,NSE,STK
INDIAN OIL CORP LTD,IOC,IOC,INR,56985747,NSE,STK
INDIAN OVERSEAS BANK,IOB,IOB,INR,56985741,NSE,STK
INDIAN TERRAIN FASHIONS LTD,INDTERRAI,INDTERRAIN,INR,85250155,NSE,STK
INDO COUNT INDUSTRIES LTD,ICIL,ICIL,INR,56985589,NSE,STK
INDO RAMA SYNTHETICS (INDIA),INDORAMA,INDORAMA,INR,56985804,NSE,STK
INDO TECH TRANSFORMERS LTD,INDOTECH,INDOTECH,INR,56985699,NSE,STK
INDO THAI SECURITIES LTD,INDOTHAI,INDOTHAI,INR,97000590,NSE,STK
INDOCO REMEDIES LTD,INDOCO,INDOCO,INR,107327812,NSE,STK
INDOSOLAR LTD,INDOSOLAR,INDOSOLAR,INR,79552109,NSE,STK
INDOWIND ENERGY LTD,INDOWIND,INDOWIND,INR,56985610,NSE,STK
INDRAPRASTHA GAS LTD,IGL,IGL,INR,56985630,NSE,STK
INDRAPRASTHA MEDICAL CORP,INDRAMEDC,INDRAMEDCO,INR,56985787,NSE,STK
INDUSIND BANK LTD,INDUSINDB,INDUSINDBK,INR,56985651,NSE,STK
INDUSTRIAL INVESTMENT TRUST/INDIA,IITL,IITL,INR,64684637,NSE,STK
INEOS ABS INDIA LTD,STYABS,STYABS,INR,56985559,NSE,STK
INFINITE COMPUTER SOLUTIONS INDIA LTD,INFINITE,INFINITE,INR,72432186,NSE,STK
INFO EDGE INDIA LTD,NAUKRI,NAUKRI,INR,56985708,NSE,STK
INFOMEDIA 18 LTD,INFOMEDIA,INFOMEDIA,INR,56985705,NSE,STK
INFOSYS LTD,INFY,INFY,INR,44652017,NSE,STK
INFOTECH ENTERPRISES LTD,CYIENT,CYIENT,INR,56985714,NSE,STK
INFRASTRUCTURE DEVELOPMENT FINANCE CO LTD,IDFC,IDFC,INR,56985600,NSE,STK
INGERSOLL-RAND INDIA LTD,INGERRAND,INGERRAND,INR,56985719,NSE,STK
INNOVENTIVE INDUSTRIES LTD,INNOIND,INNOIND,INR,87981419,NSE,STK
INOX LEISURE LTD,INOXLEISU,INOXLEISUR,INR,56985725,NSE,STK
INOX WIND LTD,INOXWIND,INOXWIND,INR,189694867,NSE,STK
INSECTICIDES INDIA LTD,INSECTICI,INSECTICID,INR,56985735,NSE,STK
INTEGRA GARMENTS AND TEXTILE,INTEGRA,INTEGRA,INR,133424414,NSE,STK
INTELLECT DESIGN ARENA LTD,INTELLECT,INTELLECT,INR,172096099,NSE,STK
INTRASOFT TECHNOLOGIES LTD,ISFT,ISFT,INR,74100118,NSE,STK
INVENTURE GROWTH & SECURITIES LTD,INVENTURE,INVENTURE,INR,92136002,NSE,STK
IOL CHEMICALS AND PHARMACEUTICALS LTD,IOLCP,IOLCP,INR,64684644,NSE,STK
IPCA LABORATORIES LTD,IPCALAB,IPCALAB,INR,73469324,NSE,STK
IRB INFRASTRUCTURE DEVELOPERS LTD,IRB,IRB,INR,56985795,NSE,STK
ISMT LTD,ISMTLTD,ISMTLTD,INR,56985825,NSE,STK
ITC LTD,ITC,ITC,INR,44652040,NSE,STK
ITD CEMENTATION INDIA LTD,ITDCEM,ITDCEM,INR,56985835,NSE,STK
ITI LTD,ITI,ITI,INR,56985845,NSE,STK
IVP LTD,IVP,IVP,INR,56985855,NSE,STK
IVRCL INFRASTRUCTURES & PROJECTS LTD,IVRCLINFR,IVRCLINFRA,INR,56985872,NSE,STK
J KUMAR INFRAPROJECTS LTD,JKIL,JKIL,INR,56984217,NSE,STK
JAGRAN PRAKASHAN LTD,JAGRAN,JAGRAN,INR,56984132,NSE,STK
JAGSONPAL PHARMACEUTICAL,JAGSNPHAR,JAGSNPHARM,INR,56984194,NSE,STK
JAI BALAJI INDUSTRIES LTD,JAIBALAJI,JAIBALAJI,INR,56984154,NSE,STK
JAI CORP LTD,JAICORPLT,JAICORPLTD,INR,56984189,NSE,STK
JAIHIND PROJECTS LTD,JAIHINDPR,JAIHINDPRO,INR,64685580,NSE,STK
JAIN IRRIGATION SYSTEMS LTD,JISLDVREQ,JISLDVREQS,INR,98293192,NSE,STK
JAIN IRRIGATION SYSTEMS LTD,JISLJALEQ,JISLJALEQS,INR,80423707,NSE,STK
JAIN STUDIOS LTD,JAINSTUDI,JAINSTUDIO,INR,56984241,NSE,STK
JAIPRAKASH ASSOCIATES LTD,JPASSOCIA,JPASSOCIAT,INR,56984254,NSE,STK
JAIPRAKASH POWER VENTURES LTD,JPPOWER,JPPOWER,INR,56984199,NSE,STK
JAMMU & KASHMIR BANK LTD,JKBK,J&KBANK,INR,165711080,NSE,STK
JAMNA AUTO INDUSTRIES LTD,JAMNAAUTO,JAMNAAUTO,INR,64685390,NSE,STK
JAY BHARAT MARUTI LTD,JAYBARMAR,JAYBARMARU,INR,56984159,NSE,STK
JAYANT AGRO-ORGANICS LTD,JAYAGROGN,JAYAGROGN,INR,56984139,NSE,STK
JAYASWAL NECO INDUSTRIES LTD,JAYNECOIN,JAYNECOIND,INR,56984599,NSE,STK
JAYPEE INFRATECH LTD,JPINFRATE,JPINFRATEC,INR,75395092,NSE,STK
JAYSHREE TEA & INDUSTRIES LTD,JAYSREETE,JAYSREETEA,INR,77882465,NSE,STK
JB CHEMICALS & PHARMACEUTICALS LTD,JBCHEPHAR,JBCHEPHARM,INR,56984142,NSE,STK
JBF INDUSTRIES LTD,JBFIND,JBFIND,INR,56984149,NSE,STK
JBM AUTO LTD,JBMA,JBMA,INR,169605588,NSE,STK
JCT ELECTRONICS LTD,JCTEL,JCTEL,INR,56984166,NSE,STK
JENSON & NICHOLSON INDIA LTD,JENSONICO,JENSONICOL,INR,56984239,NSE,STK
JET AIRWAYS INDIA LTD,JETAIRWAY,JETAIRWAYS,INR,56984184,NSE,STK
JIK INDUSTRIES LTD,JIKIND,JIKIND,INR,56985005,NSE,STK
JINDAL COTEX LTD,JINDCOT,JINDCOT,INR,72432191,NSE,STK
JINDAL DRILLING & INDUSTRIES LTD,JINDRILL,JINDRILL,INR,56984169,NSE,STK
JINDAL PHOTO LTD,JINDALPHO,JINDALPHOT,INR,56984262,NSE,STK
JINDAL POLY FILMS LTD,JINDALPOL,JINDALPOLY,INR,56984178,NSE,STK
JINDAL POLY INVESTMENTS AND,JPIF,JPOLYINVST,INR,132396127,NSE,STK
JINDAL SAW LTD,JINDALSAW,JINDALSAW,INR,70865792,NSE,STK
JINDAL SOUTH WEST HOLDINGS LTD,JSWHL,JSWHL,INR,56989409,NSE,STK
JINDAL STAINLESS LTD,JSL,JSL,INR,56984183,NSE,STK
JINDAL STEEL & POWER LTD,JINDALSTE,JINDALSTEL,INR,56984268,NSE,STK
JINDAL WORLDWIDE LTD,JINDWORLD,JINDWORLD,INR,64685679,NSE,STK
JK CEMENT LTD,JKCEMENT,JKCEMENT,INR,56984211,NSE,STK
JK LAKSHMI CEMENT LTD,JKLAKSHMI,JKLAKSHMI,INR,70976074,NSE,STK
JK PAPER LTD,JKPAPER,JKPAPER,INR,56985463,NSE,STK
JK TYRE & INDUSTRIES LTD,JKTYRE,JKTYRE,INR,176784433,NSE,STK
JM FINANCIAL LTD,JMFINANCI,JMFINANCIL,INR,56984224,NSE,STK
JMC PROJECTS (INDIA),JMCPROJEC,JMCPROJECT,INR,56984229,NSE,STK
JMT AUTO LTD,JMTAUTOLT,JMTAUTOLTD,INR,198043246,NSE,STK
JOCIL LTD,JOCIL,JOCIL,INR,56984244,NSE,STK
JSW ENERGY LTD,JSWENERGY,JSWENERGY,INR,72432194,NSE,STK
JSW STEEL LTD,JSWSTEEL,JSWSTEEL,INR,56984274,NSE,STK
JUBILANT FOODWORKS LTD,JUBLFOOD,JUBLFOOD,INR,72513009,NSE,STK
JUBILANT INDUSTRIES LTD,JUBLINDS,JUBLINDS,INR,84013070,NSE,STK
JUBILANT LIFE SCIENCES LTD,JUBILANT,JUBILANT,INR,56984251,NSE,STK
JULLUNDUR MOTOR AGENCY DELHI,JMA,JMA,INR,187014019,NSE,STK
JUST DIAL LTD,JUSTDIAL,JUSTDIAL,INR,128882870,NSE,STK
JVL AGRO INDUSTRIES LTD,JVLAGRO,JVLAGRO,INR,80770612,NSE,STK
JYOTHY LABORATORIES LTD,JYOTHYLAB,JYOTHYLAB,INR,56984280,NSE,STK
JYOTI STRUCTURES LTD,JYOTISTRU,JYOTISTRUC,INR,56984285,NSE,STK
K-SERA SERA PRODUCTIONS LTD,KSERASERA,KSERASERA,INR,188508217,NSE,STK
KA WIRES LTD,KAWIRES,KAWIRES,INR,198630450,NSE,STK
KABRA EXTRUSIONTECHNIK LTD,KABRAEXTR,KABRAEXTRU,INR,75259155,NSE,STK
KAJARIA CERAMICS LTD,KAJARIACE,KAJARIACER,INR,56985038,NSE,STK
KAKATIYA CEMENT SUGAR & INDUSTRIES LTD,KAKATCEM,KAKATCEM,INR,56984965,NSE,STK
KALE CONSULTANTS LTD,ACCELYA,ACCELYA,INR,56984942,NSE,STK
KALINDEE RAIL NIRMAN ENGINEERS LTD,KALINDEE,KALINDEE,INR,56985114,NSE,STK
KALPATARU POWER TRANSMISSION LTD,KALPATPOW,KALPATPOWR,INR,78724762,NSE,STK
KALYANI FORGE LTD,KALYANIFR,KALYANIFRG,INR,56984999,NSE,STK
KALYANI INVESTMENT CO LTD,KICL,KICL,INR,82847289,NSE,STK
KALYANI STEELS LTD,KSL,KSL,INR,75371420,NSE,STK
KAMAT HOTELS INDIA LTD,KAMATHOTE,KAMATHOTEL,INR,56985014,NSE,STK
KAMDHENU ISPAT LTD,KIL,KIL,INR,56984944,NSE,STK
KANANI INDUSTRIES LTD,KANANIIND,KANANIIND,INR,115713792,NSE,STK
KANORIA CHEMICALS & INDUSTRIES,KANORICHE,KANORICHEM,INR,56984960,NSE,STK
KANSAI NEROLAC PAINTS LTD,KANSAINER,KANSAINER,INR,188508214,NSE,STK
KARMA ENERGY LTD,KARMAENG,KARMAENG,INR,90306052,NSE,STK
KARNATAKA BANK LTD,KTKBANK,KTKBANK,INR,56984959,NSE,STK
KARUR VYSYA BANK LTD,KARURVYSY,KARURVYSYA,INR,56985162,NSE,STK
KARUTURI GLOBAL LTD,KGL,KGL,INR,56984949,NSE,STK
KAUSHALYA INFRASTRUCTURE DEVELOPMENT CORP LTD,KAUSHALYA,KAUSHALYA,INR,56985020,NSE,STK
KAVERI SEED CO LTD,KSCL,KSCL,INR,143038370,NSE,STK
KAVVERI TELECOM PRODUCTS LTD,KAVVERITE,KAVVERITEL,INR,56985152,NSE,STK
KCP LTD,KCP,KCP,INR,78607397,NSE,STK
KCP SUGAR AND INDUSTRIES CORP LTD,KCPSUGIND,KCPSUGIND,INR,56984975,NSE,STK
KEC INTERNATIONAL LTD/INDIA,KEC,KEC,INR,82450873,NSE,STK
KEI INDUSTRIES LTD,KEI,KEI,INR,56984990,NSE,STK
KEMROCK INDUSTRIES & EXPORTS LTD,KEMROCK,KEMROCK,INR,75733132,NSE,STK
KERNEX MICROSYSTEMS INDIA LTD,KERNEX,KERNEX,INR,56985062,NSE,STK
KESAR ENTERPRISES LTD,KESARENT,KESARENT,INR,56985143,NSE,STK
KESAR TERMINALS & INFRASTRUCTURE LTD,KTIL,KTIL,INR,75246596,NSE,STK
KESORAM INDUSTRIES LTD,KESORAMIN,KESORAMIND,INR,56985129,NSE,STK
KEWAL KIRAN CLOTHING LTD,KKCL,KKCL,INR,56984994,NSE,STK
KEYNOTE CORPORATE SERVICES LTD,KEYCORPSE,KEYCORPSER,INR,56984977,NSE,STK
KHAITAN ELECTRICALS LTD,KHAITANEL,KHAITANELE,INR,56985017,NSE,STK
KHAITAN INDIA LTD,KHAITANLT,KHAITANLTD,INR,56985025,NSE,STK
KHANDWALA SECURITIES LTD,KHANDSE,KHANDSE,INR,56985011,NSE,STK
KILITCH DRUGS INDIA LTD,KILITCH,KILITCH,INR,64686027,NSE,STK
KIRI DYES & CHEMICALS LTD,KIRIINDUS,KIRIINDUS,INR,56985028,NSE,STK
KIRLOSKAR BROTHERS INVESTMENT LTD,KBIL,KBIL,INR,82582542,NSE,STK
KIRLOSKAR BROTHERS LTD,KIRLOSBRO,KIRLOSBROS,INR,74580326,NSE,STK
KIRLOSKAR ELECTRIC CO LTD,KECL,KECL,INR,64686585,NSE,STK
KIRLOSKAR INDUSTRIES LTD,KIRLOSIND,KIRLOSIND,INR,76700017,NSE,STK
KIRLOSKAR OIL ENGINES LTD,KIRLOSENG,KIRLOSENG,INR,82394085,NSE,STK
KITEX GARMENTS LTD,KITEX,KITEX,INR,64686187,NSE,STK
KLG SYSTEL LTD,KLGSYSTEL,KLGSYSTEL,INR,56985055,NSE,STK
KM SUGAR MILLS LTD,KMSUGAR,KMSUGAR,INR,78526173,NSE,STK
KNR CONSTRUCTIONS LTD,KNRCON,KNRCON,INR,56985074,NSE,STK
KOHINOOR FOODS LTD,KOHINOOR,KOHINOOR,INR,56985000,NSE,STK
KOLTE-PATIL DEVELOPERS LTD,KOLTEPATI,KOLTEPATIL,INR,56985092,NSE,STK
KOPRAN LTD,KOPRAN,KOPRAN,INR,56985080,NSE,STK
KOTAK BANKING ETF,KOTAKBKET,KOTAKBKETF,INR,176565953,NSE,STK
KOTAK GOLD ETF,KOTAKGOLD,KOTAKGOLD,INR,190108660,NSE,STK
KOTAK MAHINDRA BANK LTD,KOTAKBANK,KOTAKBANK,INR,78743661,NSE,STK
KOTAK NIFTY 50,KOTAKNIFT,KOTAKNIFTY,INR,72664397,NSE,STK
KOTAK PSU BANK ETF,KOTAKPSUB,KOTAKPSUBK,INR,56985089,NSE,STK
KOTHARI PETROCHEMICALS,KOTHARIPE,KOTHARIPET,INR,56985149,NSE,STK
KOTHARI PRODUCTS LTD,KOTHARIPR,KOTHARIPRO,INR,56985144,NSE,STK
KOTHARI SUGARS & CHEMICALS,KOTARISUG,KOTARISUG,INR,75733163,NSE,STK
KPIT CUMMINS INFOSYSTEMS LTD,KPIT,KPIT,INR,56985099,NSE,STK
KPR MILL LTD,KPRMILL,KPRMILL,INR,56985104,NSE,STK
KRBL LTD,KRBL,KRBL,INR,72526210,NSE,STK
KSB PUMPS LTD,KSBPUMPS,KSBPUMPS,INR,56985123,NSE,STK
KSK ENERGY VENTURES LTD,KSK,KSK,INR,56985132,NSE,STK
KWALITY DAIRY INDIA LTD,KWALITY,KWALITY,INR,70898795,NSE,STK
L&T FINANCE HOLDINGS LTD,LTFH,L&TFH,INR,92679222,NSE,STK
LA OPALA RG LTD,LAOPALA,LAOPALA,INR,167929009,NSE,STK
LAKSHMI ENERGY & FOODS LTD,LAKSHMIEF,LAKSHMIEFL,INR,56983444,NSE,STK
LAKSHMI FINANCE & INDUSTRIAL CORP LTD/THE,LFIC,LFIC,INR,190480647,NSE,STK
LAKSHMI MACHINE WORKS LTD,LAXMIMACH,LAXMIMACH,INR,56983463,NSE,STK
LAKSHMI PRECISION SCREWS LTD,LAKPRE,LAKPRE,INR,56983451,NSE,STK
LAKSHMI VILAS BANK LTD,LAKSHVILA,LAKSHVILAS,INR,56983492,NSE,STK
LAMBODHARA TEXTILE LTD,LAMBODHAR,LAMBODHARA,INR,64686657,NSE,STK
LANCO INDUSTRIES LTD,SRIPIPES,SRIPIPES,INR,56983418,NSE,STK
LANCO INFRATECH LTD,LITL,LITL,INR,71431727,NSE,STK
LANDMARK PROPERTY DEVELOPMENT CO LTD,LPDC,LPDC,INR,56983481,NSE,STK
LARSEN & TOUBRO LTD,LT,LT,INR,44652051,NSE,STK
LG BALAKRISHNAN & BROS LTD,LGBBROSLT,LGBBROSLTD,INR,73388476,NSE,STK
LGB FORGE LTD,LGBFORGE,LGBFORGE,INR,75733186,NSE,STK
LIBERTY SHOES LTD,LIBERTSHO,LIBERTSHOE,INR,56983413,NSE,STK
LIC HOUSING FINANCE LTD,LICHSGFIN,LICHSGFIN,INR,82450876,NSE,STK
LIC NOMURA G-SEC LONG T ETF,LICNMFET,LICNMFET,INR,179063358,NSE,STK
LINC PEN & PLASTICS LTD,LINCPEN,LINCPEN,INR,64686567,NSE,STK
LLOYD ELECTRIC & ENGINEERING,LLOYDELEN,LLOYDELENG,INR,56983423,NSE,STK
LLOYDS STEEL INDUSTRIES,UTTAMVALU,UTTAMVALUE,INR,56983502,NSE,STK
LML LTD,LML,LML,INR,56983458,NSE,STK
LOGIX MICROSYSTEMS LTD,IZMO,IZMO,INR,56983439,NSE,STK
LOKESH MACHINES LTD,LOKESHMAC,LOKESHMACH,INR,56983469,NSE,STK
LOTUS EYE CARE HOSPITAL LTD,LOTUSEYE,LOTUSEYE,INR,75733083,NSE,STK
LOVABLE LINGERIE LTD,LOVABLE,LOVABLE,INR,86139229,NSE,STK
LT FOODS LTD,DAAWAT,DAAWAT,INR,56983484,NSE,STK
LUMAX AUTO TECHNOLOGIES LTD,LUMAXTECH,LUMAXTECH,INR,56983454,NSE,STK
LUMAX AUTOMOTIVE SYSTEMS LTD,LUMAXAUTO,LUMAXAUTO,INR,56983406,NSE,STK
LUMAX INDUSTRIES LTD,LUMAXIND,LUMAXIND,INR,56983489,NSE,STK
LUPIN LTD,LUPIN,LUPIN,INR,78429379,NSE,STK
LYKA LABS LTD,LYKALABS,LYKALABS,INR,56983504,NSE,STK
LYPSA GEMS & JEWELLERY LTD,LYPSAGEMS,LYPSAGEMS,INR,110103477,NSE,STK
M AND B SWITCHGEARS LTD,UJAAS,UJAAS,INR,118998898,NSE,STK
MAADHAV GRANITE & REALTY LTD,MADHAV,MADHAV,INR,75733166,NSE,STK
MADHUCON PROJECTS LTD,MADHUCON,MADHUCON,INR,70128944,NSE,STK
MADRAS CEMENTS LTD,RAMCOCEM,RAMCOCEM,INR,56987148,NSE,STK
MADRAS FERTILIZERS LTD,MADRASFER,MADRASFERT,INR,56987182,NSE,STK
MAGMA FINCORP LTD,MAGMA,MAGMA,INR,77882468,NSE,STK
MAGNUM VENTURES LTD,MAGNUM1,MAGNUM,INR,56986770,NSE,STK
MAHANAGAR TELEPHONE NIGAM,MTNL,MTNL,INR,44652190,NSE,STK
MAHARASHTRA SCOOTERS LTD,MAHSCOOTE,MAHSCOOTER,INR,56987252,NSE,STK
MAHARASHTRA SEAMLESS LTD,MAHSEAMLE,MAHSEAMLES,INR,56987249,NSE,STK
MAHINDRA & MAHINDRA FINANCIAL SERVICES,MMFS,M&MFIN,INR,122139383,NSE,STK
MAHINDRA & MAHINDRA LTD,MM,M&M,INR,73894413,NSE,STK
MAHINDRA FORGINGS LTD,MAHINDCIE,MAHINDCIE,INR,56987207,NSE,STK
MAHINDRA HOLIDAYS & RESORTS INDIA LTD,MHRIL,MHRIL,INR,64847576,NSE,STK
MAHINDRA LIFESPACE DEVELOPERS LTD,MAHLIFE,MAHLIFE,INR,56987299,NSE,STK
MAITHAN ALLOYS LTD,MAITHANAL,MAITHANALL,INR,64688067,NSE,STK
MALU PAPER MILLS LTD,MALUPAPER,MALUPAPER,INR,56987118,NSE,STK
MALWA COTTON SPINNING MILLS,MALWACOTT,MALWACOTT,INR,56987179,NSE,STK
MAN ALUMINIUM LTD,MAANALU,MAANALU,INR,56987120,NSE,STK
MAN INDUSTRIES INDIA LTD,MANINDS,MANINDS,INR,56987125,NSE,STK
MAN INFRACONSTRUCTION LTD,MANINFRA,MANINFRA,INR,165118830,NSE,STK
MANAKSIA ALUMINIUM CO LTD,MANAKALUC,MANAKALUCO,INR,188952124,NSE,STK
MANAKSIA COATED METALS & IND,MANAKCOAT,MANAKCOAT,INR,188952129,NSE,STK
MANAKSIA INDUSTRIES LTD,MANAKINDS,MANAKINDST,INR,188952132,NSE,STK
MANAKSIA LTD,MANAKSIA,MANAKSIA,INR,56987130,NSE,STK
MANAKSIA STEELS LTD,MANAKSTEE,MANAKSTEEL,INR,188952139,NSE,STK
MANALI PETROCHEMICALS LTD,MANALIPET,MANALIPETC,INR,56987325,NSE,STK
MANAPPURAM GENERAL FINANCE & LEASING LTD,MANAPPURA,MANAPPURAM,INR,74960455,NSE,STK
MANDHANA INDUSTRIES LTD,MANDHANA,MANDHANA,INR,75373382,NSE,STK
MANGALAM CEMENT LTD,MANGLMCEM,MANGLMCEM,INR,56987225,NSE,STK
MANGALAM DRUGS AND ORGANICS LTD,MANGALAM,MANGALAM,INR,56987189,NSE,STK
MANGALAM TIMBER PRODUCTS LTD,MANGTIMBE,MANGTIMBER,INR,56987247,NSE,STK
MANGALORE CHEMICALS & FERTILIZERS LTD,MANGCHEFE,MANGCHEFER,INR,56987159,NSE,STK
MANGALORE REFINERY & PETROCHEMICALS LTD,MRPL,MRPL,INR,56987368,NSE,STK
MANPASAND BEVERAGES LTD,MANPASAND,MANPASAND,INR,199442978,NSE,STK
MANUGRAPH INDIA LTD,MANUGRAPH,MANUGRAPH,INR,56987259,NSE,STK
MARAL OVERSEAS LTD,MARALOVER,MARALOVER,INR,56987314,NSE,STK
MARICO LTD,MARICO,MARICO,INR,56987333,NSE,STK
MARKSANS PHARMA LTD,MARKSANS,MARKSANS,INR,56987343,NSE,STK
MARUTI SUZUKI INDIA LTD,MARUTI,MARUTI,INR,44652108,NSE,STK
MASTEK LTD,MASTEK,MASTEK,INR,56987135,NSE,STK
MAWANA SUGARS LTD,MAWANASUG,MAWANASUG,INR,75733248,NSE,STK
MAX INDIA LTD,MAX,MAX,INR,56987139,NSE,STK
MAXWELL INDUSTRIES LTD,MAXWELL,MAXWELL,INR,56987807,NSE,STK
MAYUR UNIQUOTERS LTD,MAYURUNIQ,MAYURUNIQ,INR,135333411,NSE,STK
MBL INFRASTRUCTURE LTD,MBLINFRA,MBLINFRA,INR,72178258,NSE,STK
MCDOWELL HOLDINGS LTD,MCDHOLDIN,MCDHOLDING,INR,75733278,NSE,STK
MCLEOD RUSSEL INDIA LTD,MCLEODRUS,MCLEODRUSS,INR,56987165,NSE,STK
MCNALLY BHARAT ENGINEERING CO LTD,MBECL,MBECL,INR,56987172,NSE,STK
MEGASOFT LTD,MEGASOFT,MEGASOFT,INR,56987242,NSE,STK
MEGHMANI ORGANICS LTD,MEGH,MEGH,INR,56987202,NSE,STK
MELSTAR INFORMATION TECHNOLOGIES LTD,MELSTAR,MELSTAR,INR,56987280,NSE,STK
MENON BEARINGS LTD,MENONBE,MENONBE,INR,189692920,NSE,STK
MEP INFRASTRUCTURE DVLPRS LT,MEP,MEP,INR,193482451,NSE,STK
MERCATOR LTD,MERCATOR,MERCATOR,INR,56987355,NSE,STK
MERCK LTD/INDIA,MERCK,MERCK,INR,56984370,NSE,STK
METKORE ALLOYS INDUSTRIES LTD,METKORE,METKORE,INR,97056343,NSE,STK
MIC ELECTRONICS LTD,MIC,MIC,INR,56987262,NSE,STK
MICROSEC FINANCIAL SERVICES LTD,MICROSEC,MICROSEC,INR,79711708,NSE,STK
MID-DAY MULTIMEDIA LTD,NEXTMEDIA,NEXTMEDIA,INR,56987265,NSE,STK
MINDA CORP LTD,MINDACORP,MINDACORP,INR,178823720,NSE,STK
MINDA INDUSTRIES LTD,MINDAIND,MINDAIND,INR,56987308,NSE,STK
MINDTREE LTD,MINDTREE,MINDTREE,INR,56987628,NSE,STK
MIRC ELECTRONICS LTD,MIRCELECT,MIRCELECTR,INR,56987275,NSE,STK
MIRZA INTERNATIONAL LTD,MIRZAINT,MIRZAINT,INR,75733113,NSE,STK
MITCON CONSULTANCY & ENGINEE,MITCON,MITCON_SM,INR,137736522,NSE,STK
MM FORGINGS LTD,MMFL,MMFL,INR,56987302,NSE,STK
MMTC LTD,MMTC,MMTC,INR,77606383,NSE,STK
MOHIT INDUSTRIES LTD,MOHITIND,MOHITIND,INR,64687937,NSE,STK
MOIL LTD,MOIL,MOIL,INR,81828496,NSE,STK
MOLD-TEK PACKAGING LTD,MOLDTKPAC,MOLDTKPAC,INR,64688059,NSE,STK
MOMAI APPARELS LTD,MOMAI,MOMAI_SM,INR,170362549,NSE,STK
MONEY MATTERS FINANCIAL SERVICES LTD,CGCL,CGCL,INR,64687039,NSE,STK
MONNET ISPAT & ENERGY LTD,MONNETISP,MONNETISPA,INR,56987278,NSE,STK
MONSANTO INDIA LTD,MONSANTO,MONSANTO,INR,56987160,NSE,STK
MONTE CARLO FASHIONS LTD,MONTECARL,MONTECARLO,INR,177391468,NSE,STK
MORARJEE TEXTILES LTD,MORARJEE,MORARJEE,INR,113480477,NSE,STK
MOREPEN LABORATORIES LTD,MOREPENLA,MOREPENLAB,INR,56987320,NSE,STK
MOSER BAER INDIA LTD,MOSERBAER,MOSERBAER,INR,56987145,NSE,STK
MOTHERSON SUMI SYSTEMS LTD,MOTHERSUM,MOTHERSUMI,INR,56987580,NSE,STK
MOTILAL OSWAL FINANCIAL SERVICES LTD,MOTILALOF,MOTILALOFS,INR,56987319,NSE,STK
MOTILAL OSWAL MOST SHARES M100 ETF,M100,M100,INR,83762518,NSE,STK
MOTILAL OSWAL MOST SHARES M50 ETF,M50,M50,INR,170275886,NSE,STK
MOTILAL OSWAL MOST SHARES NASDAQ-100 ETF,N100,N100,INR,86356146,NSE,STK
MOTOR & GENERAL FINANCE LTD,MOTOGENFI,MOTOGENFIN,INR,56987232,NSE,STK
MPHASIS LTD,MPHASIS,MPHASIS,INR,56987328,NSE,STK
MPS LTD,MPSLTD,MPSLTD,INR,56987169,NSE,STK
MRF LTD,MRF,MRF,INR,56987338,NSE,STK
MRO-TEK LTD,MRO-TEK,MRO-TEK,INR,56987358,NSE,STK
MSK PROJECTS INDIA LTD,WELENT,WELENT,INR,56987444,NSE,STK
MSP STEEL & POWER LTD,MSPL,MSPL,INR,56987535,NSE,STK
MT EDUCARE LTD,MTEDUCARE,MTEDUCARE,INR,105759563,NSE,STK
MUDRA LIFESTYLE LTD,ELAND,ELAND,INR,56987194,NSE,STK
MUKAND ENGINEERS LTD,MUKANDENG,MUKANDENGG,INR,56987290,NSE,STK
MUKAND LTD,MUKANDLTD,MUKANDLTD,INR,56987694,NSE,STK
MUKTA ARTS LTD,MUKTAARTS,MUKTAARTS,INR,56987295,NSE,STK
MULTI COMMODITY EXCHANGE OF INDIA LTD,MCX,MCX,INR,103853702,NSE,STK
MUNJAL AUTO INDUSTRIES LTD,MUNJALAU,MUNJALAU,INR,99769535,NSE,STK
MUNJAL SHOWA LTD,MUNJALSHO,MUNJALSHOW,INR,56987285,NSE,STK
MURLI INDUSTRIES LTD,MURLIIND,MURLIIND,INR,73427382,NSE,STK
MURUDESHWAR CERAMICS LTD,MURUDCERA,MURUDCERA,INR,56987154,NSE,STK
MUTHOOT FINANCE LTD,MUTHOOTFI,MUTHOOTFIN,INR,87790418,NSE,STK
MVL INDUSTRIES LTD,NOESISIND,NOESISIND,INR,198232492,NSE,STK
MVL LTD,MVL,MVL,INR,80935023,NSE,STK
NAGARJUNA CONSTRUCTION CO,NCC,NCC,INR,56984639,NSE,STK
NAGARJUNA OIL REFINERY LTD,NAGAROIL,NAGAROIL,INR,93781868,NSE,STK
NAGREEKA CAPITAL & INFRASTRUCTURE LTD,NAGREEKCA,NAGREEKCAP,INR,56984544,NSE,STK
NAGREEKA EXPORTS LTD,NAGREEKEX,NAGREEKEXP,INR,56984600,NSE,STK
NAHAR CAPITAL AND FINANCIAL SERVICES LTD,NAHARCAP,NAHARCAP,INR,56984540,NSE,STK
NAHAR INDUSTRIAL ENTERPRISES LTD,NAHARINDU,NAHARINDUS,INR,56983685,NSE,STK
NAHAR POLY FILMS LTD,NAHARPOLY,NAHARPOLY,INR,56984668,NSE,STK
NAHAR SPINNING MILLS LTD,NAHARSPIN,NAHARSPING,INR,56984689,NSE,STK
NAKODA LTD,NAKODA,NAKODA,INR,72080216,NSE,STK
NALWA SONS INVESTMENTS LTD,NSIL,NSIL,INR,56984622,NSE,STK
NANDAN EXIM LTD,NDL,NDL,INR,103837976,NSE,STK
NATCO PHARMA LTD,NATCOPHAR,NATCOPHARM,INR,56984708,NSE,STK
NATH BIO-GENES LTD,NATHBIOGE,NATHBIOGEN,INR,143212166,NSE,STK
NATIONAL ALUMINIUM CO LTD,NATIONALU,NATIONALUM,INR,85433002,NSE,STK
NATIONAL BUILDINGS CONSTRUCTION CORP LTD,NBCC,NBCC,INR,105759522,NSE,STK
NATIONAL FERTILIZERS LTD,NFL,NFL,INR,56984588,NSE,STK
NATIONAL STEEL & AGRO INDUSTRIES LTD,NATNLSTEE,NATNLSTEEL,INR,56984718,NSE,STK
NAVA BHARAT VENTURES LTD,NBVENTURE,NBVENTURES,INR,56984534,NSE,STK
NAVIN FLUORINE INTERNATIONAL LTD,NAVINFLUO,NAVINFLUOR,INR,56984585,NSE,STK
NAVNEET PUBLICATIONS INDIA,NAVNETEDU,NAVNETEDUL,INR,56984672,NSE,STK
NCL INDSUTRIES LTD,NCLIND,NCLIND,INR,56984549,NSE,STK
NECTAR LIFESCIENCES LTD,NECLIFE,NECLIFE,INR,56984648,NSE,STK
NELCAST LTD,NELCAST,NELCAST,INR,93977929,NSE,STK
NELCO LTD,NELCO,NELCO,INR,72140907,NSE,STK
NEPC INDIA LTD,NEPCMICON,NEPCMICON,INR,56984574,NSE,STK
NESCO LTD,NESCO,NESCO,INR,56984687,NSE,STK
NESTLE INDIA LTD,NESTLEIND,NESTLEIND,INR,64687316,NSE,STK
NET 4 INDIA LTD,NET4,NET4,INR,64687657,NSE,STK
NETWORK 18 MEDIA & INVESTMENTS LTD,NETWORK18,NETWORK18,INR,56984579,NSE,STK
NEULAND LABORATORIES LTD,NEULANDLA,NEULANDLAB,INR,56984647,NSE,STK
NEW DELHI TELEVISION LTD,NDTV,NDTV,INR,56984561,NSE,STK
NEYVELI LIGNITE CORP LTD,NEYVELILI,NEYVELILIG,INR,56984642,NSE,STK
NHPC LTD,NHPC,NHPC,INR,68324175,NSE,STK
NICCO CORP LTD,NICCO,NICCO,INR,56984609,NSE,STK
NIIT LTD,NIITLTD,NIITLTD,INR,56984612,NSE,STK
NIIT TECHNOLOGIES LTD,NIITTECH,NIITTECH,INR,56984634,NSE,STK
NILA INFRASTRUCTURES LTD,NILAINFRA,NILAINFRA,INR,64687068,NSE,STK
NILKAMAL LTD,NILKAMAL,NILKAMAL,INR,56984619,NSE,STK
NIPPO BATTERIES CO LTD,NIPPOBATR,NIPPOBATRY,INR,56984525,NSE,STK
NISSAN COPPER LTD,NCOPPER,NCOPPER,INR,95896184,NSE,STK
NITCO LTD,NITCO,NITCO,INR,56984629,NSE,STK
NITESH ESTATES LTD,NITESHEST,NITESHEST,INR,75245567,NSE,STK
NITIN FIRE PROTECTION INDUSTRIES LTD,NITINFIRE,NITINFIRE,INR,80616074,NSE,STK
NITIN SPINNERS LTD,NITINSPIN,NITINSPIN,INR,56984699,NSE,STK
NMDC LTD,NMDC,NMDC,INR,56984653,NSE,STK
NOCIL LTD,NOCIL,NOCIL,INR,56984659,NSE,STK
NOIDA TOLL BRIDGE CO LTD,NOIDATOLL,NOIDATOLL,INR,56984705,NSE,STK
NORBEN TEA & EXPORTS,NORBTEAEX,NORBTEAEXP,INR,56984720,NSE,STK
NORTHGATE COM TECH LTD,NGCT,NGCT,INR,138171450,NSE,STK
NORTHGATE TECHNOLOGIES LTD,GREENFIRE,GREENFIRE,INR,115504607,NSE,STK
NRB BEARINGS LTD,NRBBEARIN,NRBBEARING,INR,56984682,NSE,STK
NRB INDUSTRIAL BEARINGS LTD,NIBL,NIBL,INR,125542995,NSE,STK
NTPC LTD,NTPC,NTPC,INR,49982069,NSE,STK
NU TEK INDIA LTD,NUTEK,NUTEK,INR,71336878,NSE,STK
NUCENT ESTATE LTD,PRESSMN,PRESSMN,INR,56984537,NSE,STK
NUCLEUS SOFTWARE EXPORTS LTD,NUCLEUS,NUCLEUS,INR,56984554,NSE,STK
NUMERIC POWER SYSTEMS LTD,SWELECTES,SWELECTES,INR,56984677,NSE,STK
OBEROI REALTY LTD,OBEROIRLT,OBEROIRLTY,INR,80268159,NSE,STK
OCL INDIA LTD,OCL,OCL,INR,56983674,NSE,STK
OCL IRON AND STEEL LTD,OISL,OISL,INR,56983634,NSE,STK
OIL & NATURAL GAS CORP LTD,ONGC,ONGC,INR,83845926,NSE,STK
OIL COUNTRY TUBULAR LTD,OILCOUNTU,OILCOUNTUB,INR,56983628,NSE,STK
OIL INDIA LTD,OIL,OIL,INR,69422667,NSE,STK
OM METALS INFRAPROJECTS LTD,OMMETALS,OMMETALS,INR,64687287,NSE,STK
OMAX AUTOS LTD,OMAXAUTO,OMAXAUTO,INR,56983639,NSE,STK
OMAXE LTD,OMAXE,OMAXE,INR,56983611,NSE,STK
OMKAR SPECIALITY CHEMICALS LTD,OMKARCHEM,OMKARCHEM,INR,83937229,NSE,STK
OMNITECH INFOSOLUTIONS LTD,OMNITECH,OMNITECH,INR,56983640,NSE,STK
ONELIFE CAPITAL ADVISORS LTD,ONELIFECA,ONELIFECAP,INR,95920654,NSE,STK
ONMOBILE GLOBAL LTD,ONMOBILE,ONMOBILE,INR,56983645,NSE,STK
ONWARD TECHNOLOGIES LTD,ONWARDTEC,ONWARDTEC,INR,56983649,NSE,STK
OPAL LUXURY TIME PRODUCTS LT,OPAL,OPAL_SM,INR,125686057,NSE,STK
OPTO CIRCUITS INDIA LTD,OPTOCIRCU,OPTOCIRCUI,INR,56983662,NSE,STK
ORACLE FINANCIAL SEVICES SOFTWARE LTD,OFSS,OFSS,INR,56983625,NSE,STK
ORBIT CORP LTD,ORBITCORP,ORBITCORP,INR,56983664,NSE,STK
ORBIT EXPORTS LTD,ORBTEXP,ORBTEXP,INR,64687065,NSE,STK
ORCHID CHEMICALS & PHARMACEUTICALS LTD,ORCHIDCHE,ORCHIDCHEM,INR,56983619,NSE,STK
ORIENT ABRASIVES LTD,ORIENTABR,ORIENTABRA,INR,56983601,NSE,STK
ORIENT CEMENT,ORIENTCEM,ORIENTCEM,INR,123772482,NSE,STK
ORIENT CERAMICS & INDUSTRIES LTD,ORIENTBEL,ORIENTBELL,INR,56983669,NSE,STK
ORIENT GREEN POWER CO LTD,GREENPOWE,GREENPOWER,INR,79773542,NSE,STK
ORIENT PAPER & INDUSTRIES LTD,ORIENTPPR,ORIENTPPR,INR,56983659,NSE,STK
ORIENT PRESS LTD,ORIENTLTD,ORIENTLTD,INR,73168813,NSE,STK
ORIENT REFRACTORIES LTD,ORIENTREF,ORIENTREF,INR,103838436,NSE,STK
ORIENTAL BANK OF COMMERCE,ORIENTBAN,ORIENTBANK,INR,56983614,NSE,STK
ORIENTAL HOTELS LTD,ORIENTHOT,ORIENTHOT,INR,80808296,NSE,STK
ORIENTAL TRIMEX LTD,ORIENTALT,ORIENTALTL,INR,56983680,NSE,STK
ORISSA MINERALS DEVELOPMENT CO LTD,ORISSAMIN,ORISSAMINE,INR,115678573,NSE,STK
ORTEL COMMUNICATIONS LTD,ORTEL,ORTEL,INR,187397551,NSE,STK
OSWAL CHEMICAL & FERTILIZERS,BINDALAGR,BINDALAGRO,INR,56988004,NSE,STK
OUDH SUGAR MILLS LTD,OUDHSUG,OUDHSUG,INR,75733027,NSE,STK
PAE LTD,PAEL,PAEL,INR,56986685,NSE,STK
PAGE INDUSTRIES LTD,PAGEIND,PAGEIND,INR,56986688,NSE,STK
PAN INDIA CORP LTD,SRGINFOTE,SRGINFOTEC,INR,56986761,NSE,STK
PANACEA BIOTEC LTD,PANACEABI,PANACEABIO,INR,56986975,NSE,STK
PANAMA PETROCHEM LTD,PANAMAPET,PANAMAPET,INR,166851655,NSE,STK
PANORAMIC UNIVERSAL LTD,PANORAMUN,PANORAMUNI,INR,56987045,NSE,STK
PANTALOON RETAIL INDIA LTD,FRL,FRL,INR,56986733,NSE,STK
PANTALOON RETAIL INDIA LTD,FRLDVR,FRLDVR,INR,75733288,NSE,STK
PAPER PRODUCTS LTD,PAPERPROD,PAPERPROD,INR,56986988,NSE,STK
PARABOLIC DRUGS LTD,PARABDRUG,PARABDRUGS,INR,76882190,NSE,STK
PARAMOUNT COMMUNICATIONS LTD,PARACABLE,PARACABLES,INR,56987030,NSE,STK
PARAMOUNT PRINTPACKAGING LTD,PARAPRINT,PARAPRINT,INR,87874712,NSE,STK
PARAS PETROFILS LTD,PARASPETR,PARASPETRO,INR,78526168,NSE,STK
PARENTERAL DRUGS INDIA,PDPL,PDPL,INR,64688076,NSE,STK
PARRYS SUGAR INDUSTRIES LTD,PARRYSUGA,PARRYSUGAR,INR,56986267,NSE,STK
PARSVNATH DEVELOPERS LTD,PARSVNATH,PARSVNATH,INR,79938318,NSE,STK
PATEL ENGINEERING LTD,PATELENG,PATELENG,INR,56986718,NSE,STK
PATEL INTEGRATED LOGISTICS LTD,PATINTLOG,PATINTLOG,INR,56987078,NSE,STK
PATSPIN INDIA LTD,PATSPINLT,PATSPINLTD,INR,56987090,NSE,STK
PBA INFRASTRUCTURE LTD,PBAINFRA,PBAINFRA,INR,56986703,NSE,STK
PC JEWELLER LTD,PCJEWELLE,PCJEWELLER,INR,119653211,NSE,STK
PDS MULTINATIONAL FASHIONS L,PDSMFL,PDSMFL,INR,171312784,NSE,STK
PEACOCK INDUSTRIES LTD,PILIND,PILIND,INR,135889364,NSE,STK
PEARL GLOBAL INDUSTRIES LTD,PGIL,PGIL,INR,56983924,NSE,STK
PEARL POLYMERS LTD,PEARLPOLY,PEARLPOLY,INR,56987027,NSE,STK
PENINSULA LAND LTD,PENINLAND,PENINLAND,INR,56986722,NSE,STK
PENNAR INDUSTRIES LTD,PENIND,PENIND,INR,64688222,NSE,STK
PERSISTENT SYSTEMS LTD,PERSISTEN,PERSISTENT,INR,74018573,NSE,STK
PETER ENGLAND FASHIONS AND R,PFRL,PFRL,INR,125839516,NSE,STK
PETRON ENGINEERING CONSTRUCTION LTD,PETRONENG,PETRONENGG,INR,56987075,NSE,STK
PETRONET LNG LTD,PETRONET,PETRONET,INR,56986960,NSE,STK
PFIZER LTD/INDIA,PFIZER,PFIZER,INR,56986739,NSE,STK
PG ELECTROPLAST LTD,PGEL,PGEL,INR,95168535,NSE,STK
PHILLIPS CARBON BLACK,PHILIPCAR,PHILIPCARB,INR,56986755,NSE,STK
PHOENIX MILLS LTD,PHOENIXLT,PHOENIXLTD,INR,56986758,NSE,STK
PI INDUSTRIES LTD,PIIND,PIIND,INR,125590703,NSE,STK
PIDILITE INDUSTRIES LTD,PIDILITIN,PIDILITIND,INR,56986764,NSE,STK
PIONEER DISTILLERIES LTD,PIONDIST,PIONDIST,INR,64688544,NSE,STK
PIONEER EMBROIDERIES LTD,PIONEEREM,PIONEEREMB,INR,56986979,NSE,STK
PIPAVAV DEFENCE & OFFSHORE ENGINEERING CO LTD,PIPAVAVDO,PIPAVAVDOC,INR,71556544,NSE,STK
PIRAMAL HEALTHCARE LTD,PEL,PEL,INR,56986920,NSE,STK
PIRAMAL LIFE SCIENCES LTD,PIRPHYTO,PIRPHYTO,INR,56986970,NSE,STK
PITTI LAMINATIONS LTD,PITTILAM,PITTILAM,INR,190197640,NSE,STK
PLASTIBLENDS INDIA LTD,PLASTIBLE,PLASTIBLEN,INR,103357254,NSE,STK
PLETHICO PHARMACEUTICALS LTD,PLETHICO,PLETHICO,INR,56986955,NSE,STK
PNB GILTS LTD,PNBGILTS,PNBGILTS,INR,56986748,NSE,STK
PNC INFRATECH LTD,PNCINFRA,PNCINFRA,INR,195552847,NSE,STK
POCHIRAJU INDUSTRIES LTD,POCHIRAJU,POCHIRAJU,INR,56986934,NSE,STK
POLAR INDUSTRIES LTD,POLARIND,POLARIND,INR,56986958,NSE,STK
POLARIS FINANCIAL TECHNOLOGY LTD,POLARIS,POLARIS,INR,56986982,NSE,STK
POLY MEDICURE LTD,POLYMED,POLYMED,INR,182024363,NSE,STK
POLYPLEX CORP LTD,POLYPLEX,POLYPLEX,INR,56986999,NSE,STK
PONNI SUGARS ERODE LTD,PONNIEROD,PONNIERODE,INR,56987055,NSE,STK
POWER FINANCE CORP LTD,PFC,PFC,INR,56986985,NSE,STK
POWER GRID CORP OF INDIA LTD,POWERGRID,POWERGRID,INR,50486118,NSE,STK
PRADIP OVERSEAS LTD,PRADIP,PRADIP,INR,73966593,NSE,STK
PRAJ INDUSTRIES LTD,PRAJIND,PRAJIND,INR,56987021,NSE,STK
PRAJAY ENGINEERS SYNDICATE LTD,PRAENG,PRAENG,INR,56986728,NSE,STK
PRAKASH CONSTROWELL LTD,PRAKASHCO,PRAKASHCON,INR,118765238,NSE,STK
PRAKASH INDUSTRIES LTD,PRAKASH,PRAKASH,INR,56986940,NSE,STK
PRAKASH STEELAGE LTD,PRAKASHST,PRAKASHSTL,INR,78384262,NSE,STK
PRATIBHA INDUSTRIES LTD,PRATIBHA,PRATIBHA,INR,77606368,NSE,STK
PRECISION PIPES & PROFILES CO LTD,PPAP,PPAP,INR,56986994,NSE,STK
PRECISION WIRES INDIA LTD,PRECWIRE,PRECWIRE,INR,56987115,NSE,STK
PRECOT MERIDIAN LTD,PRECOT,PRECOT,INR,80664987,NSE,STK
PREMIER LTD,PREMIER,PREMIER,INR,56987000,NSE,STK
PREMIER POLYFILM LTD,PREMIERPO,PREMIERPOL,INR,112722674,NSE,STK
PRESTIGE ESTATES PROJECTS LTD,PRESTIGE,PRESTIGE,INR,80409127,NSE,STK
PRICOL LTD,PRICOL,PRICOL,INR,56987005,NSE,STK
PRIME FOCUS LTD,PFOCUS,PFOCUS,INR,80443088,NSE,STK
PRIME SECURITIES LTD,PRIMESECU,PRIMESECU,INR,56987050,NSE,STK
PRISM CEMENT LTD,PRISMCEM,PRISMCEM,INR,56987036,NSE,STK
PRITISH NANDY COMMUNICATIONS LTD,PNC,PNC,INR,56987040,NSE,STK
PROCTER & GAMBLE HYGIENE & HEALTH CARE LTD,PGHH,PGHH,INR,56986742,NSE,STK
PROVOGUE INDIA LTD,PROVOGE,PROVOGE,INR,105020964,NSE,STK
PROZONE CAPITAL SHOPPING CENTRES LTD,PROZONE,PROZONINTU,INR,103798449,NSE,STK
PSL LTD,PSL,PSL,INR,56987057,NSE,STK
PTC INDIA FINANCIAL SERVICES LTD,PFS,PFS,INR,86273107,NSE,STK
PTC INDIA LTD,PTC,PTC,INR,56987070,NSE,STK
PTL ENTERPRISES LTD,PTL,PTL,INR,56987084,NSE,STK
PUDUMJEE INDUSTRIES LTD,PDUMJEIND,PDUMJEIND,INR,56986715,NSE,STK
PUDUMJEE PULP & PAPER MILLS,PDUMJEPUL,PDUMJEPULP,INR,58952962,NSE,STK
PUNJ LLOYD LTD,PUNJLLOYD,PUNJLLOYD,INR,56987096,NSE,STK
PUNJAB & SIND BANK,PSB,PSB,INR,82450884,NSE,STK
PUNJAB CHEMICALS & CROP PROTECTION LTD,PUNJABCHE,PUNJABCHEM,INR,56986708,NSE,STK
PUNJAB NATIONAL BANK LTD,PNB,PNB,INR,176235422,NSE,STK
PURAVANKARA PROJECTS LTD,PURVA,PURVA,INR,56987101,NSE,STK
PVP VENTURES LTD,PVP,PVP,INR,56987105,NSE,STK
PVR LTD,PVR,PVR,INR,56987108,NSE,STK
QUANTUM GOLD FUND,QGOLDHALF,QGOLDHALF,INR,56983252,NSE,STK
QUANTUM INDEX FUND,QNIFTY,QNIFTY,INR,56983247,NSE,STK
QUINTEGRA SOLUTIONS LTD,QUINTEGRA,QUINTEGRA,INR,56983249,NSE,STK
R S SOFTWARE (INDIA),RSST,RSSOFTWARE,INR,180114435,NSE,STK
R SYSTEMS INTERNATIONAL LTD,RSYSTEMS,RSYSTEMS,INR,144042132,NSE,STK
R* SHARES BANKING EXCHANGE TRADED FUND,RELBANK,RELBANK,INR,56984765,NSE,STK
R* SHARES GOLD EXCHANGE TRADED FUND,RELGOLD,RELGOLD,INR,56984798,NSE,STK
R*SHARES CNX 100 FUND,RELCNX100,RELCNX100,INR,125091635,NSE,STK
R*SHARES CONSUMPTION FD ETF,RELCONS,RELCONS,INR,148497882,NSE,STK
R*SHARES DIVIDEND OPP ETF,RELDIVOPP,RELDIVOPP,INR,149638965,NSE,STK
R*SHARES NIFTY ETF,RELNIFTY,RELNIFTY,INR,139357212,NSE,STK
R*SHARES NV20 ETF,RELNV20,RELNV20,INR,198158175,NSE,STK
RADAAN MEDIAWORKS INDIA LTD,RADAAN,RADAAN,INR,56984857,NSE,STK
RADHA MADHAV CORP LTD,RMCL,RMCL,INR,56984845,NSE,STK
RADICO KHAITAN LTD,RADICO,RADICO,INR,56984785,NSE,STK
RAIN COMMODITIES LTD,RAIN,RAIN,INR,89519965,NSE,STK
RAINBOW PAPERS LTD,RAINBOWPA,RAINBOWPAP,INR,77849463,NSE,STK
RAISAHEB REKHCHAND MOHOTA SPINNING & WEAVING MILLS/THE,RAIREKMOH,RAIREKMOH,INR,76142609,NSE,STK
RAJ OIL MILLS LTD,RAJOIL,RAJOIL,INR,67426868,NSE,STK
RAJ RAYON INDUSTRIES LTD,RAJRAYON,RAJRAYON,INR,123485661,NSE,STK
RAJ TELEVISION NETWORK LTD,RAJTV,RAJTV,INR,146552236,NSE,STK
RAJESH EXPORTS LTD,RAJESHEXP,RAJESHEXPO,INR,56984828,NSE,STK
RAJSHREE SUGARS & CHEMICALS,RAJSREESU,RAJSREESUG,INR,56984908,NSE,STK
RAJVIR INDUSTRIES LTD,RAJVIR,RAJVIR,INR,56984745,NSE,STK
RALLIS INDIA LTD,RALLIS,RALLIS,INR,90857628,NSE,STK
RAMA NEWSPRINT & PAPERS,RAMANEWS,RAMANEWS,INR,56984881,NSE,STK
RAMCO INDUSTRIES LTD,RAMCOIND,RAMCOIND,INR,68504419,NSE,STK
RAMCO SYSTEMS,RAMCOSYS,RAMCOSYS,INR,56984851,NSE,STK
RAMKRISHNA FORGINGS LTD,RKFORGE,RKFORGE,INR,56984860,NSE,STK
RAMKY INFRASTRUCTURE LTD,RAMKY,RAMKY,INR,79773545,NSE,STK
RAMSARUP INDUSTRIES LTD,RAMSARUP,RAMSARUP,INR,56984759,NSE,STK
RANA SUGARS LTD,RANASUG,RANASUG,INR,56984760,NSE,STK
RANE BRAKE LININGS LTD,RBL,RBL,INR,56984735,NSE,STK
RANE ENGINE VALVE LTD,RANEENGIN,RANEENGINE,INR,56984929,NSE,STK
RANE HOLDINGS LTD,RANEHOLDI,RANEHOLDIN,INR,56984822,NSE,STK
RANE MADRAS LTD,RML,RML,INR,56984864,NSE,STK
RASHTRIYA CHEMICALS & FERT,RCF,RCF,INR,56984768,NSE,STK
RASOYA PROTEINS LTD,RASOYPR,RASOYPR,INR,124671906,NSE,STK
RATNAMANI METALS & TUBES LTD,RATNAMANI,RATNAMANI,INR,56984874,NSE,STK
RAVI KUMAR DISTILLERIES LTD,RKDL,RKDL,INR,82395863,NSE,STK
RAYMOND LTD/INDIA,RAYMOND,RAYMOND,INR,56984932,NSE,STK
REDINGTON INDIA LTD,REDINGTON,REDINGTON,INR,78015307,NSE,STK
REFEX REFRIGERANTS LTD,REFEX,REFEX,INR,64689776,NSE,STK
REGENCY CERAMICS LTD,REGENCERA,REGENCERAM,INR,56984819,NSE,STK
REI AGRO LTD,REIAGROLT,REIAGROLTD,INR,68213321,NSE,STK
REI SIX TEN RETAIL LTD,REISIXTEN,REISIXTEN,INR,75733197,NSE,STK
RELAXO FOOTWEARS LTD,RELAXO,RELAXO,INR,138995139,NSE,STK
RELIANCE CAPITAL LTD,RELCAPITA,RELCAPITAL,INR,56984773,NSE,STK
RELIANCE COMMUNICATIONS LTD,RCOM,RCOM,INR,44652020,NSE,STK
RELIANCE INDUSTRIAL INFRASTRUCTURE LTD,RIIL,RIIL,INR,56984825,NSE,STK
RELIANCE INDUSTRIES LTD,RELIANCE,RELIANCE,INR,44652000,NSE,STK
RELIANCE INFRASTRUCTURE LTD,RELINFRA,RELINFRA,INR,44652170,NSE,STK
RELIANCE POWER LTD,RPOWER,RPOWER,INR,53680378,NSE,STK
RELIGARE ENTERPRISES LTD,RELIGARE,RELIGARE,INR,56984807,NSE,STK
RELIGARE GOLD EXCHANGE TRADED FUND,RELIGAREG,RELIGAREGO,INR,73477773,NSE,STK
RELIGARE NIFTY EXCHANGE TRADED FUND,RELGRNIFT,RELGRNIFTY,INR,89579627,NSE,STK
REMSONS INDUSTRIES LTD,REMSONSIN,REMSONSIND,INR,56984905,NSE,STK
RENAISSANCE JEWELLERY LTD,RJL,RJL,INR,56984808,NSE,STK
REPCO HOME FINANCE LTD,REPCOHOME,REPCOHOME,INR,125203631,NSE,STK
REPRO INDIA LTD,REPRO,REPRO,INR,56984813,NSE,STK
RESPONSIVE INDUSTRIES LTD,RESPONIND,RESPONIND,INR,79828458,NSE,STK
RESURGERE MINES & MINERALS INDIA LTD,RMMIL,RMMIL,INR,108762978,NSE,STK
REVATHI EQUIPMENT LTD,REVATHI,REVATHI,INR,56984783,NSE,STK
RICO AUTO INDUSTRIES LTD,RICOAUTO,RICOAUTO,INR,56984739,NSE,STK
ROHIT FERRO TECH LTD,ROHITFERR,ROHITFERRO,INR,56984884,NSE,STK
ROLTA INDIA LTD,ROLTA,ROLTA,INR,56984840,NSE,STK
ROMAN TARMAT LTD,TARMAT,TARMAT,INR,56984894,NSE,STK
ROSSELL INDIA LTD,ROSSELLIN,ROSSELLIND,INR,114530220,NSE,STK
ROYAL ORCHID HOTELS LTD,ROHLTD,ROHLTD,INR,56984891,NSE,STK
RPG LIFE SCIENCES LTD,RPGLIFE,RPGLIFE,INR,56984899,NSE,STK
RPP INFRA PROJECTS LTD,RPPINFRA,RPPINFRA,INR,81608724,NSE,STK
RSWM LTD,RSWM,RSWM,INR,56984839,NSE,STK
RUBY MILLS LTD,RUBYMILLS,RUBYMILLS,INR,117635686,NSE,STK
RUCHI INFRASTRUCTURE LTD,RUCHINFRA,RUCHINFRA,INR,75733126,NSE,STK
RUCHI SOYA INDUSTRIES LTD,RUCHISOYA,RUCHISOYA,INR,56984902,NSE,STK
RUCHIRA PAPERS LTD,RUCHIRA,RUCHIRA,INR,56984925,NSE,STK
RUPA & CO LTD,RUPA,RUPA,INR,98503990,NSE,STK
RURAL ELECTRIFICATION CORP LTD,RECLTD,RECLTD,INR,56984788,NSE,STK
RUSHIL DECOR LTD,RUSHIL,RUSHIL,INR,90629432,NSE,STK
S MOBILITY LTD,SPICEMOBI,SPICEMOBI,INR,56989130,NSE,STK
SADBHAV ENGINEERING LTD,SADBHAV,SADBHAV,INR,81644839,NSE,STK
SAGAR CEMENTS LTD,SAGCEM,SAGCEM,INR,56988961,NSE,STK
SAH PETROLEUMS LTD,GULFPETRO,GULFPETRO,INR,75733287,NSE,STK
SAKSOFT LTD,SAKSOFT,SAKSOFT,INR,56988501,NSE,STK
SAKTHI SUGARS LTD,SAKHTISUG,SAKHTISUG,INR,56989262,NSE,STK
SAKUMA EXPORTS LTD,SAKUMA,SAKUMA,INR,56988494,NSE,STK
SAL STEEL LTD,SALSTEEL,SALSTEEL,INR,56988506,NSE,STK
SALORA INTERNATIONAL LTD,SALORAINT,SALORAINTL,INR,56989070,NSE,STK
SAMBHAAV MEDIA LTD,SAMBHAAV,SAMBHAAV,INR,56986965,NSE,STK
SAMTEL COLOUR LTD,SAMTEL,SAMTEL,INR,56989244,NSE,STK
SANDESH LTD,SANDESH,SANDESH,INR,56988546,NSE,STK
SANGAM INDIA LTD,SANGAMIND,SANGAMIND,INR,56989094,NSE,STK
SANGHI INDUSTRIES LTD,SANGHIIND,SANGHIIND,INR,56989091,NSE,STK
SANGHVI FORGING & ENGINEERING LTD,SANGHVIFO,SANGHVIFOR,INR,88794735,NSE,STK
SANGHVI MOVERS LTD,SANGHVIMO,SANGHVIMOV,INR,56988971,NSE,STK
SANWARIA AGRO OILS LTD,SANWARIA,SANWARIA,INR,56988511,NSE,STK
SARDA ENERGY & MINERALS LTD,SARDAEN,SARDAEN,INR,64685106,NSE,STK
SAREGAMA INDIA LTD,SAREGAMA,SAREGAMA,INR,56986164,NSE,STK
SARLA PERFORMANCE FIBERS LTD,SARLAPOLY,SARLAPOLY,INR,56989189,NSE,STK
SASKEN COMMUNICATION TECHNOLOGIES LTD,SASKEN,SASKEN,INR,56988481,NSE,STK
SATHAVAHANA ISPAT LTD,SATHAISPA,SATHAISPAT,INR,56989371,NSE,STK
SAVITA OIL TECHNOLOGIES LTD,SOTL,SOTL,INR,56989361,NSE,STK
SBI ETF-NIFTY JUNIOR,SETFNIFJR,SETFNIFJR,INR,188614737,NSE,STK
SBI GOLD EXCHANGE TRADED SCHEME,SBIGETS,SBIGETS,INR,75733308,NSE,STK
SBI-ETF-BANKING,SETFBANK,SETFBANK,INR,188614735,NSE,STK
SCHNEIDER ELECTRIC INFRASTRUCTURE LTD,SCHNEIDER,SCHNEIDER,INR,99961804,NSE,STK
SE INVESTMENTS LTD,SEINV,SEINV,INR,95983176,NSE,STK
SE POWER LTD,SEPOWER,SEPOWER,INR,111418805,NSE,STK
SEAMEC LTD,SEAMECLTD,SEAMECLTD,INR,56988551,NSE,STK
SEL MANUFACTURING CO LTD,SELMCL,SELMCL,INR,56988557,NSE,STK
SELAN EXPLORATION TECHNOLOGY LTD,SELAN,SELAN,INR,56989419,NSE,STK
SENSEX PRUDENTIAL ICICI EXCHANGE TRADED FUND - SPICE,ISENSEX,ISENSEX,INR,64685150,NSE,STK
SENTINEL TEA & EXPORTS LTD,STEL,STEL,INR,83903955,NSE,STK
SERVALAKSHMI PAPER LTD,SERVALL,SERVALL,INR,87944441,NSE,STK
SESA GOA LTD,VEDL,VEDL,INR,56988951,NSE,STK
SESHASAYEE PAPER & BOARDS,SESHAPAPE,SESHAPAPER,INR,56989125,NSE,STK
SEZAL GLASS LTD,SEZAL,SEZAL,INR,97611622,NSE,STK
SHAH ALLOYS LTD,SHAHALLOY,SHAHALLOYS,INR,75733253,NSE,STK
SHAKTI PUMPS INDIA LTD,SHAKTIPUM,SHAKTIPUMP,INR,64684786,NSE,STK
SHALIMAR PAINTS LTD,SHALPAINT,SHALPAINTS,INR,116806357,NSE,STK
SHANTHI GEARS LTD,SHANTIGEA,SHANTIGEAR,INR,56988957,NSE,STK
SHARDA CROPCHEM LTD,SHARDACRO,SHARDACROP,INR,167959564,NSE,STK
SHARON BIO-MEDICINE LTD,SHARONBIO,SHARONBIO,INR,144304116,NSE,STK
SHARYANS RESOURCES LTD,CREST,CREST,INR,56988991,NSE,STK
SHASUN CHEMICALS & DRUGS LTD,SHASUNPHA,SHASUNPHAR,INR,56989211,NSE,STK
SHEKHAWATI POLY-YARN LTD,SPYL,SPYL,INR,125481735,NSE,STK
SHEMAROO ENTERTAINMENT LTD,SHEMAROO,SHEMAROO,INR,168719320,NSE,STK
SHILPA MEDICARE LTD,SHILPAMED,SHILPAMED,INR,64684632,NSE,STK
SHILPI CABLE TECHNOLOGIES LTD,SHILPI,SHILPI,INR,86622426,NSE,STK
SHIPPING CORP OF INDIA LTD,SCI,SCI,INR,56988535,NSE,STK
SHIRPUR GOLD REFINERY LTD,SHIRPUR-G,SHIRPUR-G,INR,123584195,NSE,STK
SHIV-VANI OIL & GAS EXPLORATION SERVICES LTD,SHIV-VANI,SHIV-VANI,INR,56989385,NSE,STK
SHIVA TEXYARN LTD,SHIVTEX,SHIVTEX,INR,56989394,NSE,STK
SHIVAM AUTOTECH LTD,SHIVAMAUT,SHIVAMAUTO,INR,172251363,NSE,STK
SHOPPERS STOP LTD,SHOPERSTO,SHOPERSTOP,INR,82777602,NSE,STK
SHREE CEMENT LTD,SHREECEM,SHREECEM,INR,56989171,NSE,STK
SHREE GANESH FORGINGS LTD,SGFL,SGFL,INR,56988964,NSE,STK
SHREE GANESH JEWELLERY HOUSE LTD,SGJHL,SGJHL,INR,74068898,NSE,STK
SHREE RAMA MULTI-TECH LTD,SHREERAMA,SHREERAMA,INR,56989184,NSE,STK
SHREE RENUKA SUGARS LTD,RENUKA,RENUKA,INR,56988994,NSE,STK
SHRENUJ & CO LTD,SHRENUJ,SHRENUJ,INR,56989039,NSE,STK
SHREYANS INDUSTRIES LTD,SHREYANIN,SHREYANIND,INR,75733212,NSE,STK
SHREYAS SHIPPING & LOGISTICS LTD,SHREYAS,SHREYAS,INR,56989204,NSE,STK
SHRI LAKSHMI COTSYN LTD,SHLAKSHMI,SHLAKSHMI,INR,56989067,NSE,STK
SHRIRAM CITY UNION FINANCE LTD,SHRIRAMCI,SHRIRAMCIT,INR,56988536,NSE,STK
SHRIRAM EPC LTD,SHRIRAMEP,SHRIRAMEPC,INR,56988946,NSE,STK
SHRIRAM TRANSPORT FINANCE CO LTD,SRTRANSFI,SRTRANSFIN,INR,56988999,NSE,STK
SHYAM TELECOM LTD,SHYAMTEL,SHYAMTEL,INR,56989000,NSE,STK
SICAGEN INDIA LTD,SICAGEN,SICAGEN,INR,56989011,NSE,STK
SICAL LOGISTICS LTD,SICAL,SICAL,INR,75733030,NSE,STK
SIEMENS LTD/INDIA,SIEMENS,SIEMENS,INR,44652105,NSE,STK
SIGNET INDUSTRIES LTD/INDIA,SIGNET,SIGNET,INR,64686733,NSE,STK
SIL INVESTMENTS LTD,SILINV,SILINV,INR,56989017,NSE,STK
SIMBHAOLI SUGAR MILLS LTD,SIMBHSUGA,SIMBHSUGAR,INR,75733168,NSE,STK
SIMPLEX INFRASTRUCTURES LTD,SIMPLEXIN,SIMPLEXINF,INR,56989029,NSE,STK
SIMPLEX PROJECTS LTD,SIMPLEX,SIMPLEX,INR,56989024,NSE,STK
SINTEX INDUSTRIES LTD,SINTEX,SINTEX,INR,80406824,NSE,STK
SIRPUR PAPER MILLS LTD,SIRPAPER,SIRPAPER,INR,56989150,NSE,STK
SITA SHREE FOOD PRODUCTS LTD,SITASHREE,SITASHREE,INR,56989214,NSE,STK
SIYARAM SILK MILLS LTD,SIYSIL,SIYSIL,INR,56989034,NSE,STK
SJVN LTD,SJVN,SJVN,INR,75373379,NSE,STK
SKF INDIA LTD,SKFINDIA,SKFINDIA,INR,56989054,NSE,STK
SKIPPER LTD,SKIPPER,SKIPPER,INR,195668463,NSE,STK
SKM EGG PRODUCTS EXPORT LTD,SKMEGGPRO,SKMEGGPROD,INR,56989057,NSE,STK
SKS MICROFINANCE LTD,SKSMICRO,SKSMICRO,INR,77953834,NSE,STK
SMARTLINK NETWORK SYSTEMS LTD,SMARTLINK,SMARTLINK,INR,56984091,NSE,STK
SMS PHARMACEUTICALS LTD,SMSPHARMA,SMSPHARMA,INR,56989082,NSE,STK
SNOWMAN LOGISTICS LTD,SNOWMAN,SNOWMAN,INR,166618613,NSE,STK
SOBHA DEVELOPERS LTD,SOBHA,SOBHA,INR,56989097,NSE,STK
SOFTPRO SYSTEMS LTD,CURATECH,CURATECH,INR,56989159,NSE,STK
SOFTWARE TECHNOLOGY GROUP INTERNATIONAL LTD,SOFTTECHG,SOFTTECHGR,INR,56989235,NSE,STK
SOLAR INDUSTRIES INDIA LTD,SOLARINDS,SOLARINDS,INR,56989117,NSE,STK
SOM DISTILLERIES AND BREWERY,SDBL,SDBL,INR,64686462,NSE,STK
SOMA TEXTILES LTD,SOMATEX,SOMATEX,INR,56989238,NSE,STK
SOMANY CERAMICS LTD,SOMANYCER,SOMANYCERA,INR,80839415,NSE,STK
SONA KOYO STEERING SYSTEMS LTD,SONASTEER,SONASTEER,INR,56989111,NSE,STK
SONATA SOFTWARE LTD,SONATSOFT,SONATSOFTW,INR,56989218,NSE,STK
SOUTH INDIAN BANK LTD,SOUTHBANK,SOUTHBANK,INR,79403920,NSE,STK
SOUTHERN PETROCHEMICAL INDUSTRIES,SPIC,SPIC,INR,56989137,NSE,STK
SPANCO LTD,SPANCO,SPANCO,INR,64685811,NSE,STK
SPECIALITY RESTAURANTS LTD,SPECIALIT,SPECIALITY,INR,108161886,NSE,STK
SPECTACLE INFOTEK LTD,SPECTACLE,SPECTACLE,INR,64685091,NSE,STK
SPENTEX INDUSTRIES LTD,SPENTEX,SPENTEX,INR,56989160,NSE,STK
SPL INDUSTRIES LTD/DELHI,SPLIL,SPLIL,INR,56989147,NSE,STK
SPML INFRA LTD,SPMLINFRA,SPMLINFRA,INR,56988521,NSE,STK
SREE RAYALASEEMA HI-STRENGTH HYPO LTD,SRHHYPOLT,SRHHYPOLTD,INR,56989165,NSE,STK
SREELEATHERS LTD,SREEL,SREEL,INR,118170271,NSE,STK
SREI INFRASTRUCTURE FINANCE LTD,SREINFRA,SREINFRA,INR,56989177,NSE,STK
SRF LTD,SRF,SRF,INR,56989180,NSE,STK
SRI ADHIKARI BROS TELE NTWRK,SABTN,SABTN,INR,56988476,NSE,STK
SRS LTD,SRSLTD,SRSLTD,INR,94380844,NSE,STK
STANDARD CHARTERED PLC,STAN,STAN_DR,INR,148888790,NSE,STK
STANDARD INDUSTRIES LTD,SIL,SIL,INR,56989229,NSE,STK
STAR FERRO AND CEMENT LTD,SFCL,SFCL,INR,137222244,NSE,STK
STAR PAPER MILLS LTD,STARPAPER,STARPAPER,INR,56989249,NSE,STK
STATE BANK OF BIKANER & JAIPUR,SBBJ,SBBJ,INR,75733258,NSE,STK
STATE BANK OF INDIA,SBIN,SBIN,INR,173418084,NSE,STK
STATE BANK OF MYSORE,MYSOREBAN,MYSOREBANK,INR,64686832,NSE,STK
STATE BANK OF TRAVANCORE,SBT,SBT,INR,64686830,NSE,STK
STATE TRADING CORP INDIA LTD,STCINDIA,STCINDIA,INR,56989224,NSE,STK
STEEL AUTHORITY OF INDIA LTD,SAIL,SAIL,INR,44652045,NSE,STK
STEEL STRIPS WHEELS LTD,SSWL,SSWL,INR,56989223,NSE,STK
STERLING BIOTECH LTD,STERLINBI,STERLINBIO,INR,56989072,NSE,STK
STERLING TOOLS LTD,STERTOOLS,STERTOOLS,INR,56989259,NSE,STK
STERLITE TECHNOLOGIES LTD,STRTECH,STRTECH,INR,73276624,NSE,STK
STI INDIA LTD,STINDIA,STINDIA,INR,56989241,NSE,STK
STL GLOBAL LTD,SGL,SGL,INR,56988974,NSE,STK
STORE ONE RETAIL INDIA LTD,STOREONE,STOREONE,INR,75733221,NSE,STK
STRIDES ARCOLAB LTD,STAR,STAR,INR,56989252,NSE,STK
SUAVE HOTELS LTD,THEBYKE,BYKE,INR,64684848,NSE,STK
SUBEX LTD,SUBEX,SUBEX,INR,56989269,NSE,STK
SUBROS LTD,SUBROS,SUBROS,INR,56989264,NSE,STK
SUDAR GARMENTS LTD,SUDAR,SUDAR,INR,85250158,NSE,STK
SUDARSHAN CHEMICAL INDUSTRIES,SUDARSCHE,SUDARSCHEM,INR,168527922,NSE,STK
SUJANA METAL PRODUCTS LTD,SMPL,SMPL,INR,64685601,NSE,STK
SUJANA TOWERS LTD,SUJANATWR,SUJANATWR,INR,134164359,NSE,STK
SUJANA UNIVERSAL INDUSTRIES LTD,SUJANAUNI,SUJANAUNI,INR,56989044,NSE,STK
SUMEET INDUSTRIES LTD,SUMEETIND,SUMEETINDS,INR,64685626,NSE,STK
SUMMIT SECURITIES LTD,SUMMITSEC,SUMMITSEC,INR,83453742,NSE,STK
SUN PHARMA ADVANCED RESEARCH CO LTD,SPARC,SPARC,INR,56989120,NSE,STK
SUN PHARMACEUTICAL INDUSTRIES LTD,SUNPHARMA,SUNPHARMA,INR,81351036,NSE,STK
SUN TV NETWORK LTD,SUNTV,SUNTV,INR,56989289,NSE,STK
SUNDARAM BRAKE LININGS LTD,SUNDRMBRA,SUNDRMBRAK,INR,56988518,NSE,STK
SUNDARAM FINANCE LTD,SUNDARMFI,SUNDARMFIN,INR,56989274,NSE,STK
SUNDARAM MULTI PAP LTD,SUNDARAM,SUNDARAM,INR,64686917,NSE,STK
SUNDARAM-CLAYTON LTD,SUNCLAYLT,SUNCLAYLTD,INR,115815606,NSE,STK
SUNDRAM FASTENERS LTD,SUNDRMFAS,SUNDRMFAST,INR,56988952,NSE,STK
SUNFLAG IRON & STEEL CO,SUNFLAG,SUNFLAG,INR,56989286,NSE,STK
SUNIL HITECH ENGINEERS LTD,SUNILHITE,SUNILHITEC,INR,56989279,NSE,STK
SUNTECK REALTY LTD,SUNTECK,SUNTECK,INR,75733138,NSE,STK
SUPER SPINNING MILLS LTD,SUPERSPIN,SUPERSPIN,INR,76142552,NSE,STK
SUPERHOUSE LTD,SUPERHOUS,SUPERHOUSE,INR,64685049,NSE,STK
SUPRAJIT ENGINEERING LTD,SUPRAJIT,SUPRAJIT,INR,73446512,NSE,STK
SUPREME INDIA IMPEX LTD,SIIL,SIIL_SM,INR,189116055,NSE,STK
SUPREME INFRASTRUCTURE INDIA LTD,SUPREMEIN,SUPREMEINF,INR,56989140,NSE,STK
SUPREME PETROCHEM LTD,SUPPETRO,SUPPETRO,INR,56989154,NSE,STK
SUPREME TEX MART LTD,SUPREMETE,SUPREMETEX,INR,56989344,NSE,STK
SURANA CORP LTD,SURANACOR,SURANACORP,INR,56989303,NSE,STK
SURANA INDUSTRIES LTD,SURANAIND,SURANAIND,INR,56989309,NSE,STK
SURANA TELECOM & POWER LTD,SURANATP,SURANAT&P,INR,174178267,NSE,STK
SURANA VENTURES LTD,SURANASOL,SURANASOL,INR,174967022,NSE,STK
SURYA ROSHNI LTD,SURYAROSN,SURYAROSNI,INR,56989424,NSE,STK
SURYAJYOTI SPINNING MILLS LTD,SURYAJYOT,SURYAJYOTI,INR,56989041,NSE,STK
SURYALAKSHMI COTTON MILLS LTD,SURYALAXM,SURYALAXMI,INR,76142546,NSE,STK
SUTLEJ TEXTILES AND INDUSTRIES LTD,SUTLEJTEX,SUTLEJTEX,INR,75733268,NSE,STK
SUVEN LIFE SCIENCES LTD,SUVEN,SUVEN,INR,56989379,NSE,STK
SUZLON ENERGY LTD,SUZLON,SUZLON,INR,51687627,NSE,STK
SWAN ENERGY LTD,SWANENERG,SWANENERGY,INR,143336545,NSE,STK
SWARAJ ENGINES LTD,SWARAJENG,SWARAJENG,INR,56989400,NSE,STK
SWARAJ MAZDA LTD,SMLISUZU,SMLISUZU,INR,56989077,NSE,STK
SYMPHONY LTD,SYMPHONY,SYMPHONY,INR,102266499,NSE,STK
SYNCOM HEALTHCARE LTD,SYNCOM,SYNCOM,INR,72637013,NSE,STK
SYNDICATE BANK,SYNDIBANK,SYNDIBANK,INR,56989087,NSE,STK
TAINWALA CHEMICALS & PLASTICS INDIA LTD,TAINWALCH,TAINWALCHM,INR,56985192,NSE,STK
TAJ GVK HOTELS & RESORTS LTD,TAJGVK,TAJGVK,INR,56985167,NSE,STK
TAKE SOLUTIONS LTD,TAKE,TAKE,INR,56985169,NSE,STK
TALBROS AUTOMOTIVE COMPONENTS LTD,TALBROAUT,TALBROAUTO,INR,56985172,NSE,STK
TALWALKARS BETTER VALUE FITNESS LTD,TALWALKAR,TALWALKARS,INR,75245568,NSE,STK
TAMILNADU NEWSPRINT & PAPERS LTD,TNPL,TNPL,INR,56985282,NSE,STK
TAMILNADU PETROPRODUCTS,TNPETRO,TNPETRO,INR,56986776,NSE,STK
TAMILNADU TELECOMMUNICATIONS LTD,TNTELE,TNTELE,INR,56986781,NSE,STK
TANLA SOLUTIONS LTD,TANLA,TANLA,INR,56985182,NSE,STK
TANTIA CONSTRUCTIONS LTD,TANTIACON,TANTIACONS,INR,56985179,NSE,STK
TARA JEWELS LTD,TARAJEWEL,TARAJEWELS,INR,118349272,NSE,STK
TARAPUR TRANSFORMERS LTD,TARAPUR,TARAPUR,INR,75262213,NSE,STK
TATA CHEMICALS LTD,TATACHEM,TATACHEM,INR,56986895,NSE,STK
TATA COFFEE LTD,TCO,TATACOFFEE,INR,180351147,NSE,STK
TATA COMMUNICATIONS LTD,TATACOMM,TATACOMM,INR,44652159,NSE,STK
TATA CONSULTANCY SERVICES LTD,TCS,TCS,INR,44652015,NSE,STK
TATA ELXSI LTD,TATAELXSI,TATAELXSI,INR,56985222,NSE,STK
TATA GLOBAL BEVERAGES LTD,TATAGLOBA,TATAGLOBAL,INR,76814483,NSE,STK
TATA INVESTMENT CORP LTD,TATAINVES,TATAINVEST,INR,56985239,NSE,STK
TATA METALIKS LTD,TATAMETAL,TATAMETALI,INR,56985274,NSE,STK
TATA MOTORS LTD,TATAMOTOR,TATAMOTORS,INR,94127580,NSE,STK
TATA MOTORS LTD,TATAMTRDV,TATAMTRDVR,INR,94127589,NSE,STK
TATA POWER CO LTD,TATAPOWER,TATAPOWER,INR,95168502,NSE,STK
TATA SPONGE IRON LTD,TATASPONG,TATASPONGE,INR,56985775,NSE,STK
TATA STEEL LTD,TATASTEEL,TATASTEEL,INR,44652069,NSE,STK
TATA TELESERVICES MAHARASHTRA LTD,TTML,TTML,INR,56986900,NSE,STK
TCI DEVELOPERS LTD,TCIDEVELO,TCIDEVELOP,INR,87235367,NSE,STK
TCI FINANCE LTD,TCIFINANC,TCIFINANCE,INR,75733282,NSE,STK
TD POWER SYSTEMS LTD,TDPOWERSY,TDPOWERSYS,INR,94078808,NSE,STK
TECH MAHINDRA LTD,TECHM,TECHM,INR,187395599,NSE,STK
TECHINDIA NIRMAN LTD,TECHIN,TECHIN,INR,173346001,NSE,STK
TECHNO ELECTRIC & ENGINEERING CO LTD,TECHNO,TECHNO,INR,80842321,NSE,STK
TECHNOCRAFT INDUSTRIES INDIA LTD,TIIL,TIIL,INR,56985240,NSE,STK
TECHNOFAB ENGINEERING LTD,TECHNOFAB,TECHNOFAB,INR,77111049,NSE,STK
TECPRO SYSTEMS LTD,TECPRO,TECPRO_BZ,INR,79871590,NSE,STK
TEXMACO INFRASTRUCTURE & HOLDINGS LTD,TEXINFRA,TEXINFRA,INR,71401252,NSE,STK
TEXMACO RAIL & ENGINEERING LTD,TEXRAIL,TEXRAIL,INR,84832242,NSE,STK
TEXMO PIPES AND PRODUCTS LTD,TEXMOPIPE,TEXMOPIPES,INR,73280070,NSE,STK
THANGAMAYIL JEWELLERY LTD,THANGAMAY,THANGAMAYL,INR,72687595,NSE,STK
THEJO ENGINEERING LTD,THEJO,THEJO_SM,INR,113742230,NSE,STK
THEMIS MEDICARE LTD,THEMISMED,THEMISMED,INR,56985264,NSE,STK
THERMAX LTD,THERMAX,THERMAX,INR,56985279,NSE,STK
THINKSOFT GLOBAL SERVICES LTD,SQSBFSI,SQSBFSI,INR,70701980,NSE,STK
THIRU AROORAN SUGARS LTD,THIRUSUGA,THIRUSUGAR,INR,56985186,NSE,STK
THIRUMALAI CHEMICALS LTD,TIRUMALCH,TIRUMALCHM,INR,56985262,NSE,STK
THOMAS COOK INDIA LTD,THOMASCOO,THOMASCOOK,INR,56985191,NSE,STK
THOMAS SCOTT INDIA LTD,THOMASCOT,THOMASCOTT,INR,101590289,NSE,STK
TIDE WATER OIL CO INDIA LTD,TIDEWATER,TIDEWATER,INR,56986818,NSE,STK
TIJARIA POLYPIPES LTD,TIJARIA,TIJARIA,INR,95892431,NSE,STK
TIL LTD,TIL,TIL,INR,56985245,NSE,STK
TILANAGAR INDUSTRIES LTD,TI,TI,INR,64690012,NSE,STK
TIMBOR HOME LTD,TIMBOR,TIMBOR,INR,90103383,NSE,STK
TIME TECHNOPLAST LTD,TIMETECHN,TIMETECHNO,INR,56985249,NSE,STK
TIMES GUARANTY LTD,TIMESGTY,TIMESGTY,INR,56985228,NSE,STK
TIMKEN INDIA LTD,TIMKEN,TIMKEN,INR,56985269,NSE,STK
TINPLATE CO OF INDIA LTD,TINPLATE,TINPLATE,INR,56986785,NSE,STK
TIPS INDUSTRIES LTD,TIPSINDLT,TIPSINDLTD,INR,56986848,NSE,STK
TITAGARH WAGONS LTD,TWL,TWL,INR,191622330,NSE,STK
TITAN INDUSTRIES LTD,TITAN,TITAN,INR,90181242,NSE,STK
TODAYS WRITING INSTRUMENTS LTD,TODAYS,TODAYS,INR,56986823,NSE,STK
TOKYO PLAST INTERNATIONAL,TOKYOPLAS,TOKYOPLAST,INR,56986844,NSE,STK
TORRENT PHARMACEUTICALS LTD,TORNTPHAR,TORNTPHARM,INR,56986878,NSE,STK
TORRENT POWER LTD,TORNTPOWE,TORNTPOWER,INR,56986853,NSE,STK
TOURISM FINANCE CORP OF INDIA LTD,TFCILTD,TFCILTD,INR,56985225,NSE,STK
TPL PLASTECH LTD,TPLPLASTE,TPLPLASTEH,INR,64689812,NSE,STK
TRANSFORMERS & RECTIFIERS INDIA LTD,TRIL,TRIL,INR,56986875,NSE,STK
TRANSPORT CORP OF INDIA LTD,TCI,TCI,INR,56986880,NSE,STK
TRANSWARRANTY FINANCE LTD,TFL,TFL,INR,56986858,NSE,STK
TREE HOUSE EDUCATION AND ACCESSORIES LTD,TREEHOUSE,TREEHOUSE,INR,93685129,NSE,STK
TRENT LTD,TRENT,TRENT,INR,56986868,NSE,STK
TRF LTD,TRF,TRF,INR,64689849,NSE,STK
TRIBHOVANDAS BHIMJI ZAVERI LTD,TBZ,TBZ,INR,107108231,NSE,STK
TRICOM INDIA LTD,TRICOM,TRICOM,INR,56986863,NSE,STK
TRIGYN TECHNOLOGIES LTD,TRIGYN,TRIGYN,INR,56983429,NSE,STK
TRIVENI ENGINEERING & INDUSTRIES LTD,TRIVENI,TRIVENI,INR,56986865,NSE,STK
TRIVENI TURBINE LTD,TRITURBIN,TRITURBINE,INR,96762049,NSE,STK
TT LTD,TTL,TTL,INR,56986914,NSE,STK
TTK PRESTIGE LTD,TTKPRESTI,TTKPRESTIG,INR,56986897,NSE,STK
TUBE INVESTMENTS OF INDIA,TUBEINVES,TUBEINVEST,INR,56985234,NSE,STK
TULSI EXTRUSIONS LTD,TULSI,TULSI,INR,56986919,NSE,STK
TV TODAY NETWORK LTD,TVTODAY,TVTODAY,INR,56986835,NSE,STK
TVS ELECTRONICS LTD,TVSELECT,TVSELECT,INR,56986841,NSE,STK
TVS MOTOR CO LTD,TVSMOTOR,TVSMOTOR,INR,56986838,NSE,STK
TVS SRICHAKRA LTD,TVSSRICHA,TVSSRICHAK,INR,56989201,NSE,STK
UCAL FUEL SYSTEMS LTD,UCALFUEL,UCALFUEL,INR,56983328,NSE,STK
UCO BANK,UCOBANK,UCOBANK,INR,56983333,NSE,STK
UFLEX LTD,UFLEX,UFLEX,INR,56983338,NSE,STK
UFO MOVIEZ INDIA LTD,UFO,UFO,INR,194245767,NSE,STK
UGAR SUGAR WORKS LTD,UGARSUGAR,UGARSUGAR,INR,64690064,NSE,STK
ULTRATECH CEMENT LTD,ULTRACEMC,ULTRACEMCO,INR,56983383,NSE,STK
UNICHEM LABORATORIES LTD,UNICHEMLA,UNICHEMLAB,INR,80268265,NSE,STK
UNION BANK OF INDIA,UNIONBANK,UNIONBANK,INR,56983358,NSE,STK
UNIPHOS ENTERPRISES LTD,UNIENTER,UNIENTER,INR,56983372,NSE,STK
UNIPLY INDUSTRIES LTD,UNIPLY,UNIPLY,INR,56983363,NSE,STK
UNITECH LTD,UNITECH,UNITECH,INR,50486115,NSE,STK
UNITED BANK OF INDIA,UNITEDBNK,UNITEDBNK,INR,73408218,NSE,STK
UNITED BREWERIES HOLDINGS LTD,UBHOLDING,UBHOLDINGS,INR,56983321,NSE,STK
UNITED BREWERIES LTD,UBL,UBL,INR,56983324,NSE,STK
UNITED NILGIRI TEA ESTATES CO LTD/THE,UNITEDTEA,UNITEDTEA,INR,75733350,NSE,STK
UNITED PHOSPHORUS LTD,UPL,UPL,INR,56983369,NSE,STK
UNITED SPIRITS LTD,MCDOWELL-,MCDOWELL-N,INR,56983366,NSE,STK
UNITY INFRAPROJECTS LTD,UNITY,UNITY,INR,74027010,NSE,STK
UNIVERSAL CABLES LTD,UNIVCABLE,UNIVCABLES,INR,72947695,NSE,STK
UPPER GANGES SUGAR & INDUSTRIES LTD,UPERGANGE,UPERGANGES,INR,56983343,NSE,STK
USHA MARTIN EDUCATION & SOLUTIONS LTD,UMESLTD,UMESLTD,INR,76996716,NSE,STK
USHA MARTIN LTD,USHAMART,USHAMART,INR,56983378,NSE,STK
USHER AGRO LTD,USHERAGRO,USHERAGRO,INR,64690098,NSE,STK
UTI-GOLD EXCHANGE TRADED FUND,GOLDSHARE,GOLDSHARE,INR,56983384,NSE,STK
UTTAM GALVA STEELS LTD,UTTAMSTL,UTTAMSTL,INR,56983393,NSE,STK
UTTAM SUGAR MILLS LTD,UTTAMSUGA,UTTAMSUGAR,INR,56983389,NSE,STK
V-GUARD INDUSTRIES LTD,VGUARD,VGUARD,INR,56983714,NSE,STK
VA TECH WABAG LTD,WABAG,WABAG,INR,92803343,NSE,STK
VADILAL INDUSTRIES LTD,VADILALIN,VADILALIND,INR,64690289,NSE,STK
VAIBHAV GEMS LTD,VAIBHAVGB,VAIBHAVGBL,INR,56983710,NSE,STK
VAKRANGEE SOFTWARE LTD,VAKRANGEE,VAKRANGEE,INR,105733346,NSE,STK
VALECHA ENGINEERING LTD,VALECHAEN,VALECHAENG,INR,56983760,NSE,STK
VALUE INDUSTRIES LTD,VALUEIND,VALUEIND,INR,56983695,NSE,STK
VARDHMAN ACRYLICS LTD,VARDHACRL,VARDHACRLC,INR,56983690,NSE,STK
VARDHMAN HOLDINGS LTD,VHL,VHL,INR,75733347,NSE,STK
VARDHMAN POLYTEX LTD,VARDMNPOL,VARDMNPOLY,INR,56983788,NSE,STK
VARDHMAN SPECIAL STEELS LTD,VSSL,VSSL,INR,87981422,NSE,STK
VARDHMAN TEXTILES LTD,VTL,VTL,INR,56983817,NSE,STK
VARUN SHIPPING CO LTD,VARUNSHIP,VARUNSHIP,INR,56983799,NSE,STK
VASCON ENGINEERS LTD,VASCONEQ,VASCONEQ,INR,72637008,NSE,STK
VASWANI INDUSTRIES LTD,VASWANI,VASWANI,INR,94938485,NSE,STK
VENKYS INDIA LTD,VENKEYS,VENKEYS,INR,56983271,NSE,STK
VENUS REMEDIES LTD,VENUSREM,VENUSREM,INR,56983779,NSE,STK
VESUVIUS INDIA LTD,VESUVIUS,VESUVIUS,INR,56983719,NSE,STK
VETO SWITCHGEARS AND CABLES,VETO,VETO,INR,118825444,NSE,STK
VICEROY HOTELS LTD,VICEROY,VICEROY,INR,76142557,NSE,STK
VIDEOCON INDUSTRIES LTD,VIDEOIND,VIDEOIND,INR,56983700,NSE,STK
VIJAY SHANTHI BUILDERS LTD,VIJSHAN,VIJSHAN,INR,56983800,NSE,STK
VIJAYA BANK,VIJAYABAN,VIJAYABANK,INR,56983748,NSE,STK
VIKAS GLOBALONE LTD,VIKASGLOB,VIKASGLOB,INR,147121872,NSE,STK
VIMAL OIL & FOODS LTD,VIMALOIL,VIMALOIL,INR,64690542,NSE,STK
VIMTA LABS LTD,VIMTALABS,VIMTALABS,INR,56983758,NSE,STK
VINATI ORGANICS LTD,VINATIORG,VINATIORGA,INR,70001012,NSE,STK
VINDHYA TELELINKS LTD,VINDHYATE,VINDHYATEL,INR,56983814,NSE,STK
VINYL CHEMICALS (INDIA),VINYLINDI,VINYLINDIA,INR,56983782,NSE,STK
VIP INDUSTRIES LTD,VIPIND,VIPIND,INR,96818264,NSE,STK
VIPUL LTD,VIPULLTD,VIPULLTD,INR,74960456,NSE,STK
VISA STEEL LTD,VISASTEEL,VISASTEEL,INR,56983737,NSE,STK
VISAGAR POLYTEX LTD,VIVIDHA,VIVIDHA,INR,72080136,NSE,STK
VISAKA INDUSTRIES LTD,VISAKAIND,VISAKAIND,INR,56983805,NSE,STK
VISESH INFOTECNICS LTD,VISESHINF,VISESHINFO,INR,119824683,NSE,STK
VISHAL RETAIL LTD,V2RETAIL,V2RETAIL,INR,56983740,NSE,STK
VISHNU CHEMICALS LTD,VISHNU,VISHNU,INR,64690559,NSE,STK
VISU INTERNATIONAL LTD,VISUINTL,VISUINTL,INR,56983720,NSE,STK
VIVIMED LABS LTD,VIVIMEDLA,VIVIMEDLAB,INR,56983725,NSE,STK
VKS PROJECTS LTD,VKSPL,VKSPL,INR,123320226,NSE,STK
VMART RETAIL LTD,VMART,VMART,INR,122975346,NSE,STK
VOLTAMP TRANSFORMERS LTD,VOLTAMP,VOLTAMP,INR,56983697,NSE,STK
VOLTAS LTD,VOLTAS,VOLTAS,INR,56983785,NSE,STK
VRL LOGISTICS LTD,VRLLOG,VRLLOG,INR,192495024,NSE,STK
VSL FINANCE LTD,VLSFINANC,VLSFINANCE,INR,56983765,NSE,STK
VST INDUSTRIES LTD,VSTIND,VSTIND,INR,56983811,NSE,STK
VST TILLERS TRACTORS LTD,VSTTILLER,VSTTILLERS,INR,64690265,NSE,STK
WABCO INDIA LTD,WABCOINDI,WABCOINDIA,INR,75733326,NSE,STK
WALCHANDNAGAR INDUSTRIES,WALCHANNA,WALCHANNAG,INR,56983277,NSE,STK
WANBURY LTD,WANBURY,WANBURY,INR,56983259,NSE,STK
WEBSOL ENERGY SYSTEM LTD,WEBELSOLA,WEBELSOLAR,INR,56983304,NSE,STK
WEIZMANN FOREX LTD,WEIZFOREX,WEIZFOREX,INR,90306059,NSE,STK
WEIZMANN LTD,WEIZMANIN,WEIZMANIND,INR,76142597,NSE,STK
WELSPUN INDIA LTD,WELSPUNIN,WELSPUNIND,INR,56983283,NSE,STK
WELSPUN INVESTMENTS & COMMERCIALS LTD,WELINV,WELINV,INR,79036512,NSE,STK
WELSPUN-GUJARAT STAHL LTD,WELCORP,WELCORP,INR,56983266,NSE,STK
WENDT INDIA LTD,WENDT,WENDT,INR,56983292,NSE,STK
WEST COAST PAPER MILLS LTD,WSTCSTPAP,WSTCSTPAPR,INR,56983262,NSE,STK
WHEELS INDIA LTD,WHEELS,WHEELS,INR,56983272,NSE,STK
WHIRLPOOL OF INDIA LTD,WHIRLPOOL,WHIRLPOOL,INR,64685820,NSE,STK
WILLIAMSON MAGOR & CO LTD,WILLAMAGO,WILLAMAGOR,INR,56983286,NSE,STK
WINDSOR MACHINES LTD,WINDMACHI,WINDMACHIN,INR,92870230,NSE,STK
WINSOME YARNS LTD,WINSOME,WINSOME,INR,92135954,NSE,STK
WIPRO LTD,WIPRO,WIPRO,INR,44652030,NSE,STK
WIRE AND WIRELESS INDIA LTD,SITICABLE,SITICABLE,INR,56983298,NSE,STK
WOCKHARDT LTD,WOCKPHARM,WOCKPHARMA,INR,56983303,NSE,STK
WONDERLA HOLIDAYS LTD,WONDERLA,WONDERLA,INR,150965884,NSE,STK
WS INDUSTRIES INDIA LTD,WSI,WSI,INR,56983309,NSE,STK
XL TELECOM & ENERGY LTD,XLENERGY,XLENERGY,INR,56983237,NSE,STK
XPRO INDIA LTD,XPROINDIA,XPROINDIA,INR,56983242,NSE,STK
YBRANT DIGITAL LTD,LYCOS,LYCOS,INR,110499148,NSE,STK
YES BANK LTD,YESBANK,YESBANK,INR,56983232,NSE,STK
ZANDU REALTY LTD,ZANDUREAL,ZANDUREALT,INR,56983212,NSE,STK
ZEE ENTERTAINMENT ENTERPRISES LTD,ZEEL,ZEEL,INR,44652165,NSE,STK
ZEE LEARN LTD,ZEELEARN,ZEELEARN,INR,80285966,NSE,STK
ZEE NEWS LTD,ZEEMEDIA,ZEEMEDIA,INR,56983206,NSE,STK
ZEN TECHNOLOGIES LTD,ZENTEC,ZENTEC,INR,189072337,NSE,STK
ZENITH BIRLA INDIA LTD,ZENITHBIR,ZENITHBIR,INR,56983189,NSE,STK
ZENITH COMPUTER LTD,ZENITHCOM,ZENITHCOMP,INR,56983194,NSE,STK
ZENITH EXPORTS LTD,ZENITHEXP,ZENITHEXPO,INR,56983203,NSE,STK
ZENITH INFOTECH LTD,ZENITHINF,ZENITHINFO,INR,56983218,NSE,STK
ZENSAR TECHNOLOGIES LTD,ZENSARTEC,ZENSARTECH,INR,70966989,NSE,STK
ZICOM ELECTRONIC SECURITY SYSTEMS LTD,ZICOM,ZICOM,INR,56983224,NSE,STK
ZODIAC CLOTHING CO,ZODIACLOT,ZODIACLOTH,INR,56983199,NSE,STK
ZODIAC JRD MKJ LTD,ZODJRDMKJ,ZODJRDMKJ,INR,56983209,NSE,STK
ZUARI AGRO CHEMICALS LTD,ZUARI,ZUARI,INR,105500758,NSE,STK
ZUARI INDUSTRIES LTD,ZUARIGLOB,ZUARIGLOB,INR,56983229,NSE,STK
ZYDUS WELLNESS LTD,ZYDUSWELL,ZYDUSWELL,INR,64690638,NSE,STK
ZYLOG SYSTEMS LTD,ZYLOG,ZYLOG,INR,109963209,NSE,STK
